case_name,case_family,sweep_name,stress_parameter,stress_value,option_type,K,T,r,q,sigma,Smax,M,N,target_tau_fraction,target_tau,nearest_tau,time_index,boundary_found,boundary_spot,boundary_moneyness,no_boundary_reason,min_boundary_spot,max_boundary_spot,max_continuation_premium_at_tau,mean_continuation_premium_at_tau_interpretation_region,downstream_use_status
american_put_sigma_200,american_put,put_volatility_sweep,sigma,0.2,put,1,1,0.05,0.02,0.2,4,120,120,0.01,0.01,0.00833333333333,1,True,0.934082277368,0.934082277368,,0.766754125816,0.934082277368,0.00426046655356,0.000107341632369,analytics_diagnostic_only
american_put_sigma_200,american_put,put_volatility_sweep,sigma,0.2,put,1,1,0.05,0.02,0.2,4,120,120,0.25,0.25,0.25,30,True,0.833794644792,0.833794644792,,0.766754125816,0.934082277368,0.0359381874217,0.00285117164161,analytics_diagnostic_only
american_put_sigma_200,american_put,put_volatility_sweep,sigma,0.2,put,1,1,0.05,0.02,0.2,4,120,120,0.5,0.5,0.5,60,True,0.800295996499,0.800295996499,,0.766754125816,0.934082277368,0.0493329415106,0.00536470721625,analytics_diagnostic_only
american_put_sigma_200,american_put,put_volatility_sweep,sigma,0.2,put,1,1,0.05,0.02,0.2,4,120,120,0.75,0.75,0.75,90,True,0.800017080078,0.800017080078,,0.766754125816,0.934082277368,0.0588110043217,0.00770206488787,analytics_diagnostic_only
american_put_sigma_200,american_put,put_volatility_sweep,sigma,0.2,put,1,1,0.05,0.02,0.2,4,120,120,1,1,1,120,True,0.766754125816,0.766754125816,,0.766754125816,0.934082277368,0.0663013305386,0.00989277205115,analytics_diagnostic_only
american_put_sigma_400,american_put,put_volatility_sweep,sigma,0.4,put,1,1,0.05,0.02,0.4,4,120,120,0.01,0.01,0.00833333333333,1,True,0.900148625593,0.900148625593,,0.566688831192,0.900148625593,0.013357121023,0.000449067289603,analytics_diagnostic_only
american_put_sigma_400,american_put,put_volatility_sweep,sigma,0.4,put,1,1,0.05,0.02,0.4,4,120,120,0.25,0.25,0.25,30,True,0.700035201101,0.700035201101,,0.566688831192,0.900148625593,0.0756230021613,0.0127302716342,analytics_diagnostic_only
american_put_sigma_400,american_put,put_volatility_sweep,sigma,0.4,put,1,1,0.05,0.02,0.4,4,120,120,0.5,0.5,0.5,60,True,0.63336313416,0.63336313416,,0.566688831192,0.900148625593,0.10458548438,0.0247673260993,analytics_diagnostic_only
american_put_sigma_400,american_put,put_volatility_sweep,sigma,0.4,put,1,1,0.05,0.02,0.4,4,120,120,0.75,0.75,0.75,90,True,0.567395383963,0.567395383963,,0.566688831192,0.900148625593,0.125640280769,0.0359862439284,analytics_diagnostic_only
american_put_sigma_400,american_put,put_volatility_sweep,sigma,0.4,put,1,1,0.05,0.02,0.4,4,120,120,1,1,1,120,True,0.566688831192,0.566688831192,,0.566688831192,0.900148625593,0.142578361245,0.0463230964132,analytics_diagnostic_only
american_put_sigma_600,american_put,put_volatility_sweep,sigma,0.6,put,1,1,0.05,0.02,0.6,4,120,120,0.01,0.01,0.00833333333333,1,True,0.866760111984,0.866760111984,,0.400027503925,0.866760111984,0.0232639278699,0.0010223609825,analytics_diagnostic_only
american_put_sigma_600,american_put,put_volatility_sweep,sigma,0.6,put,1,1,0.05,0.02,0.6,4,120,120,0.25,0.25,0.25,30,True,0.566710127244,0.566710127244,,0.400027503925,0.866760111984,0.114972600434,0.0299372083025,analytics_diagnostic_only
american_put_sigma_600,american_put,put_volatility_sweep,sigma,0.6,put,1,1,0.05,0.02,0.6,4,120,120,0.5,0.5,0.5,60,True,0.46675796345,0.46675796345,,0.400027503925,0.866760111984,0.159318889862,0.0569617110161,analytics_diagnostic_only
american_put_sigma_600,american_put,put_volatility_sweep,sigma,0.6,put,1,1,0.05,0.02,0.6,4,120,120,0.75,0.75,0.75,90,True,0.433363771474,0.433363771474,,0.400027503925,0.866760111984,0.191652751393,0.0804078424806,analytics_diagnostic_only
american_put_sigma_600,american_put,put_volatility_sweep,sigma,0.6,put,1,1,0.05,0.02,0.6,4,120,120,1,1,1,120,True,0.400027503925,0.400027503925,,0.400027503925,0.866760111984,0.217679942849,0.100948053617,analytics_diagnostic_only
american_put_q_000,american_put,put_dividend_yield_sweep,q,0,put,1,1,0.05,0,0.2,4,120,120,0.01,0.01,0.00833333333333,1,True,0.966674631937,0.966674631937,,0.800039507217,0.966674631937,0.00418483405087,0.000104293438935,analytics_diagnostic_only
american_put_q_000,american_put,put_dividend_yield_sweep,q,0,put,1,1,0.05,0,0.2,4,120,120,0.25,0.25,0.25,30,True,0.866689164964,0.866689164964,,0.800039507217,0.966674631937,0.0341705420702,0.00258794006212,analytics_diagnostic_only
american_put_q_000,american_put,put_dividend_yield_sweep,q,0,put,1,1,0.05,0,0.2,4,120,120,0.5,0.5,0.5,60,True,0.833364649837,0.833364649837,,0.800039507217,0.966674631937,0.0461085274204,0.00472935278895,analytics_diagnostic_only
american_put_q_000,american_put,put_dividend_yield_sweep,q,0,put,1,1,0.05,0,0.2,4,120,120,0.75,0.75,0.75,90,True,0.833342898328,0.833342898328,,0.800039507217,0.966674631937,0.0542923218025,0.00664786782386,analytics_diagnostic_only
american_put_q_000,american_put,put_dividend_yield_sweep,q,0,put,1,1,0.05,0,0.2,4,120,120,1,1,1,120,True,0.800039507217,0.800039507217,,0.800039507217,0.966674631937,0.0605862157822,0.00840246291007,analytics_diagnostic_only
american_put_q_020,american_put,put_dividend_yield_sweep,q,0.02,put,1,1,0.05,0.02,0.2,4,120,120,0.01,0.01,0.00833333333333,1,True,0.934082277368,0.934082277368,,0.766754125816,0.934082277368,0.00426046655356,0.000107341632369,analytics_diagnostic_only
american_put_q_020,american_put,put_dividend_yield_sweep,q,0.02,put,1,1,0.05,0.02,0.2,4,120,120,0.25,0.25,0.25,30,True,0.833794644792,0.833794644792,,0.766754125816,0.934082277368,0.0359381874217,0.00285117164161,analytics_diagnostic_only
american_put_q_020,american_put,put_dividend_yield_sweep,q,0.02,put,1,1,0.05,0.02,0.2,4,120,120,0.5,0.5,0.5,60,True,0.800295996499,0.800295996499,,0.766754125816,0.934082277368,0.0493329415106,0.00536470721625,analytics_diagnostic_only
american_put_q_020,american_put,put_dividend_yield_sweep,q,0.02,put,1,1,0.05,0.02,0.2,4,120,120,0.75,0.75,0.75,90,True,0.800017080078,0.800017080078,,0.766754125816,0.934082277368,0.0588110043217,0.00770206488787,analytics_diagnostic_only
american_put_q_020,american_put,put_dividend_yield_sweep,q,0.02,put,1,1,0.05,0.02,0.2,4,120,120,1,1,1,120,True,0.766754125816,0.766754125816,,0.766754125816,0.934082277368,0.0663013305386,0.00989277205115,analytics_diagnostic_only
american_put_q_040,american_put,put_dividend_yield_sweep,q,0.04,put,1,1,0.05,0.04,0.2,4,120,120,0.01,0.01,0.00833333333333,1,True,0.933512201178,0.933512201178,,0.733374817121,0.933512201178,0.00434250908963,0.00011281863557,analytics_diagnostic_only
american_put_q_040,american_put,put_dividend_yield_sweep,q,0.04,put,1,1,0.05,0.04,0.2,4,120,120,0.25,0.25,0.25,30,True,0.833359289436,0.833359289436,,0.733374817121,0.933512201178,0.0378622194657,0.00317702760165,analytics_diagnostic_only
american_put_q_040,american_put,put_dividend_yield_sweep,q,0.04,put,1,1,0.05,0.04,0.2,4,120,120,0.5,0.5,0.5,60,True,0.766953494356,0.766953494356,,0.733374817121,0.933512201178,0.0529014882272,0.0061508761373,analytics_diagnostic_only
american_put_q_040,american_put,put_dividend_yield_sweep,q,0.04,put,1,1,0.05,0.04,0.2,4,120,120,0.75,0.75,0.75,90,True,0.766686152462,0.766686152462,,0.733374817121,0.933512201178,0.0638850589118,0.00900661114589,analytics_diagnostic_only
american_put_q_040,american_put,put_dividend_yield_sweep,q,0.04,put,1,1,0.05,0.04,0.2,4,120,120,1,1,1,120,True,0.733374817121,0.733374817121,,0.733374817121,0.933512201178,0.072765800431,0.0117667028951,analytics_diagnostic_only
american_put_r_030,american_put,put_interest_rate_sweep,r,0.03,put,1,1,0.03,0.02,0.2,4,120,120,0.01,0.01,0.00833333333333,1,True,0.93350759565,0.93350759565,,0.733344168955,0.93350759565,0.00434314653649,0.000112949686088,analytics_diagnostic_only
american_put_r_030,american_put,put_interest_rate_sweep,r,0.03,put,1,1,0.03,0.02,0.2,4,120,120,0.25,0.25,0.25,30,True,0.800576527695,0.800576527695,,0.733344168955,0.93350759565,0.0380065391828,0.00320834585369,analytics_diagnostic_only
american_put_r_030,american_put,put_interest_rate_sweep,r,0.03,put,1,1,0.03,0.02,0.2,4,120,120,0.5,0.5,0.5,60,True,0.766740360868,0.766740360868,,0.733344168955,0.93350759565,0.0532877118845,0.00625614937052,analytics_diagnostic_only
american_put_r_030,american_put,put_interest_rate_sweep,r,0.03,put,1,1,0.03,0.02,0.2,4,120,120,0.75,0.75,0.75,90,True,0.733436087446,0.733436087446,,0.733344168955,0.93350759565,0.0645648899426,0.00921102173548,analytics_diagnostic_only
american_put_r_030,american_put,put_interest_rate_sweep,r,0.03,put,1,1,0.03,0.02,0.2,4,120,120,1,1,1,120,True,0.733344168955,0.733344168955,,0.733344168955,0.93350759565,0.073773926967,0.0120957054164,analytics_diagnostic_only
american_put_r_050,american_put,put_interest_rate_sweep,r,0.05,put,1,1,0.05,0.02,0.2,4,120,120,0.01,0.01,0.00833333333333,1,True,0.934082277368,0.934082277368,,0.766754125816,0.934082277368,0.00426046655356,0.000107341632369,analytics_diagnostic_only
american_put_r_050,american_put,put_interest_rate_sweep,r,0.05,put,1,1,0.05,0.02,0.2,4,120,120,0.25,0.25,0.25,30,True,0.833794644792,0.833794644792,,0.766754125816,0.934082277368,0.0359381874217,0.00285117164161,analytics_diagnostic_only
american_put_r_050,american_put,put_interest_rate_sweep,r,0.05,put,1,1,0.05,0.02,0.2,4,120,120,0.5,0.5,0.5,60,True,0.800295996499,0.800295996499,,0.766754125816,0.934082277368,0.0493329415106,0.00536470721625,analytics_diagnostic_only
american_put_r_050,american_put,put_interest_rate_sweep,r,0.05,put,1,1,0.05,0.02,0.2,4,120,120,0.75,0.75,0.75,90,True,0.800017080078,0.800017080078,,0.766754125816,0.934082277368,0.0588110043217,0.00770206488787,analytics_diagnostic_only
american_put_r_050,american_put,put_interest_rate_sweep,r,0.05,put,1,1,0.05,0.02,0.2,4,120,120,1,1,1,120,True,0.766754125816,0.766754125816,,0.766754125816,0.934082277368,0.0663013305386,0.00989277205115,analytics_diagnostic_only
american_put_r_080,american_put,put_interest_rate_sweep,r,0.08,put,1,1,0.08,0.02,0.2,4,120,120,0.01,0.01,0.00833333333333,1,True,0.966674702706,0.966674702706,,0.833343066636,0.966674702706,0.00414798039947,0.000103311847008,analytics_diagnostic_only
american_put_r_080,american_put,put_interest_rate_sweep,r,0.08,put,1,1,0.08,0.02,0.2,4,120,120,0.25,0.25,0.25,30,True,0.86671643032,0.86671643032,,0.833343066636,0.966674702706,0.0331890168144,0.00244382321394,analytics_diagnostic_only
american_put_r_080,american_put,put_interest_rate_sweep,r,0.08,put,1,1,0.08,0.02,0.2,4,120,120,0.5,0.5,0.5,60,True,0.835281038111,0.835281038111,,0.833343066636,0.966674702706,0.0442375559971,0.0043786435423,analytics_diagnostic_only
american_put_r_080,american_put,put_interest_rate_sweep,r,0.08,put,1,1,0.08,0.02,0.2,4,120,120,0.75,0.75,0.75,90,True,0.833352746722,0.833352746722,,0.833343066636,0.966674702706,0.0515573639792,0.00606603976261,analytics_diagnostic_only
american_put_r_080,american_put,put_interest_rate_sweep,r,0.08,put,1,1,0.08,0.02,0.2,4,120,120,1,1,1,120,True,0.833343066636,0.833343066636,,0.833343066636,0.966674702706,0.0570887746041,0.00757256238175,analytics_diagnostic_only
dividend_call_q_030,dividend_call,call_dividend_yield_sweep,q,0.03,call,1,1,0.05,0.03,0.2,4,120,120,0.01,0.01,0.00833333333333,1,True,1.67301123573,1.67301123573,,1.67301123573,1.89785321428,0.00446741146877,0.000155013218291,analytics_diagnostic_only
dividend_call_q_030,dividend_call,call_dividend_yield_sweep,q,0.03,call,1,1,0.05,0.03,0.2,4,120,120,0.25,0.25,0.25,30,True,1.76580952579,1.76580952579,,1.67301123573,1.89785321428,0.0414474654459,0.00461925069539,analytics_diagnostic_only
dividend_call_q_030,dividend_call,call_dividend_yield_sweep,q,0.03,call,1,1,0.05,0.03,0.2,4,120,120,0.5,0.5,0.5,60,True,1.82664503226,1.82664503226,,1.67301123573,1.89785321428,0.0599096431819,0.00917366597383,analytics_diagnostic_only
dividend_call_q_030,dividend_call,call_dividend_yield_sweep,q,0.03,call,1,1,0.05,0.03,0.2,4,120,120,0.75,0.75,0.75,90,True,1.86393626933,1.86393626933,,1.67301123573,1.89785321428,0.0741939822952,0.0136630025687,analytics_diagnostic_only
dividend_call_q_030,dividend_call,call_dividend_yield_sweep,q,0.03,call,1,1,0.05,0.03,0.2,4,120,120,1,1,1,120,True,1.89785321428,1.89785321428,,1.67301123573,1.89785321428,0.0862630086394,0.0180818146826,analytics_diagnostic_only
dividend_call_q_080,dividend_call,call_dividend_yield_sweep,q,0.08,call,1,1,0.05,0.08,0.2,4,120,120,0.01,0.01,0.00833333333333,1,True,1.0661653907,1.0661653907,,1.0661653907,1.26663012494,0.00425969540186,0.000106915197766,analytics_diagnostic_only
dividend_call_q_080,dividend_call,call_dividend_yield_sweep,q,0.08,call,1,1,0.05,0.08,0.2,4,120,120,0.25,0.25,0.25,30,True,1.1666350335,1.1666350335,,1.0661653907,1.26663012494,0.0357611784601,0.00271992288439,analytics_diagnostic_only
dividend_call_q_080,dividend_call,call_dividend_yield_sweep,q,0.08,call,1,1,0.05,0.08,0.2,4,120,120,0.5,0.5,0.5,60,True,1.23208681214,1.23208681214,,1.0661653907,1.26663012494,0.0488665500449,0.00493590676481,analytics_diagnostic_only
dividend_call_q_080,dividend_call,call_dividend_yield_sweep,q,0.08,call,1,1,0.05,0.08,0.2,4,120,120,0.75,0.75,0.75,90,True,1.23331276578,1.23331276578,,1.0661653907,1.26663012494,0.0580100140542,0.00686812415669,analytics_diagnostic_only
dividend_call_q_080,dividend_call,call_dividend_yield_sweep,q,0.08,call,1,1,0.05,0.08,0.2,4,120,120,1,1,1,120,True,1.26663012494,1.26663012494,,1.0661653907,1.26663012494,0.0651311767989,0.00858934715201,analytics_diagnostic_only
dividend_call_q_100,dividend_call,call_dividend_yield_sweep,q,0.1,call,1,1,0.05,0.1,0.2,4,120,120,0.01,0.01,0.00833333333333,1,True,1.03332536396,1.03332536396,,1.03332536396,1.23321138817,0.00418267852111,0.000103347393922,analytics_diagnostic_only
dividend_call_q_100,dividend_call,call_dividend_yield_sweep,q,0.1,call,1,1,0.05,0.1,0.2,4,120,120,0.25,0.25,0.25,30,True,1.13332079124,1.13332079124,,1.03332536396,1.23321138817,0.0339104035533,0.00243111205241,analytics_diagnostic_only
dividend_call_q_100,dividend_call,call_dividend_yield_sweep,q,0.1,call,1,1,0.05,0.1,0.2,4,120,120,0.5,0.5,0.5,60,True,1.19846900575,1.19846900575,,1.03332536396,1.23321138817,0.0454432906594,0.00426063787226,analytics_diagnostic_only
dividend_call_q_100,dividend_call,call_dividend_yield_sweep,q,0.1,call,1,1,0.05,0.1,0.2,4,120,120,0.75,0.75,0.75,90,True,1.19997992229,1.19997992229,,1.03332536396,1.23321138817,0.0531638859229,0.0057850473052,analytics_diagnostic_only
dividend_call_q_100,dividend_call,call_dividend_yield_sweep,q,0.1,call,1,1,0.05,0.1,0.2,4,120,120,1,1,1,120,True,1.23321138817,1.23321138817,,1.03332536396,1.23321138817,0.058991496594,0.0070776691975,analytics_diagnostic_only
dividend_call_q_140,dividend_call,call_dividend_yield_sweep,q,0.14,call,1,1,0.05,0.14,0.2,4,120,120,0.01,0.01,0.00833333333333,1,True,1.0333250766,1.0333250766,,1.0333250766,1.16664700071,0.00403710941366,9.9526876656e-05,analytics_diagnostic_only
dividend_call_q_140,dividend_call,call_dividend_yield_sweep,q,0.14,call,1,1,0.05,0.14,0.2,4,120,120,0.25,0.25,0.25,30,True,1.13311197447,1.13311197447,,1.0333250766,1.16664700071,0.0306266349377,0.00198852211151,analytics_diagnostic_only
dividend_call_q_140,dividend_call,call_dividend_yield_sweep,q,0.14,call,1,1,0.05,0.14,0.2,4,120,120,0.5,0.5,0.5,60,True,1.13332311527,1.13332311527,,1.0333250766,1.16664700071,0.039568825966,0.00328594192043,analytics_diagnostic_only
dividend_call_q_140,dividend_call,call_dividend_yield_sweep,q,0.14,call,1,1,0.05,0.14,0.2,4,120,120,0.75,0.75,0.75,90,True,1.16660169926,1.16660169926,,1.0333250766,1.16664700071,0.0450680076783,0.00424578573624,analytics_diagnostic_only
dividend_call_q_140,dividend_call,call_dividend_yield_sweep,q,0.14,call,1,1,0.05,0.14,0.2,4,120,120,1,1,1,120,True,1.16664700071,1.16664700071,,1.0333250766,1.16664700071,0.048945019942,0.00503099901409,analytics_diagnostic_only
dividend_call_sigma_200,dividend_call,call_volatility_sweep,sigma,0.2,call,1,1,0.05,0.08,0.2,4,120,120,0.01,0.01,0.00833333333333,1,True,1.0661653907,1.0661653907,,1.0661653907,1.26663012494,0.00425969540186,0.000106915197766,analytics_diagnostic_only
dividend_call_sigma_200,dividend_call,call_volatility_sweep,sigma,0.2,call,1,1,0.05,0.08,0.2,4,120,120,0.25,0.25,0.25,30,True,1.1666350335,1.1666350335,,1.0661653907,1.26663012494,0.0357611784601,0.00271992288439,analytics_diagnostic_only
dividend_call_sigma_200,dividend_call,call_volatility_sweep,sigma,0.2,call,1,1,0.05,0.08,0.2,4,120,120,0.5,0.5,0.5,60,True,1.23208681214,1.23208681214,,1.0661653907,1.26663012494,0.0488665500449,0.00493590676481,analytics_diagnostic_only
dividend_call_sigma_200,dividend_call,call_volatility_sweep,sigma,0.2,call,1,1,0.05,0.08,0.2,4,120,120,0.75,0.75,0.75,90,True,1.23331276578,1.23331276578,,1.0661653907,1.26663012494,0.0580100140542,0.00686812415669,analytics_diagnostic_only
dividend_call_sigma_200,dividend_call,call_volatility_sweep,sigma,0.2,call,1,1,0.05,0.08,0.2,4,120,120,1,1,1,120,True,1.26663012494,1.26663012494,,1.0661653907,1.26663012494,0.0651311767989,0.00858934715201,analytics_diagnostic_only
dividend_call_sigma_400,dividend_call,call_volatility_sweep,sigma,0.4,call,1,1,0.05,0.08,0.4,4,120,120,0.01,0.01,0.00833333333333,1,True,1.09990188658,1.09990188658,,1.09990188658,1.73305843928,0.0133545506781,0.00044640705433,analytics_diagnostic_only
dividend_call_sigma_400,dividend_call,call_volatility_sweep,sigma,0.4,call,1,1,0.05,0.08,0.4,4,120,120,0.25,0.25,0.25,30,True,1.43308738239,1.43308738239,,1.09990188658,1.73305843928,0.0752172901138,0.0118722373597,analytics_diagnostic_only
dividend_call_sigma_400,dividend_call,call_volatility_sweep,sigma,0.4,call,1,1,0.05,0.08,0.4,4,120,120,0.5,0.5,0.5,60,True,1.5664572359,1.5664572359,,1.09990188658,1.73305843928,0.103509883247,0.022038453086,analytics_diagnostic_only
dividend_call_sigma_400,dividend_call,call_volatility_sweep,sigma,0.4,call,1,1,0.05,0.08,0.4,4,120,120,0.75,0.75,0.75,90,True,1.6661653399,1.6661653399,,1.09990188658,1.73305843928,0.123768422823,0.031101492878,analytics_diagnostic_only
dividend_call_sigma_400,dividend_call,call_volatility_sweep,sigma,0.4,call,1,1,0.05,0.08,0.4,4,120,120,1,1,1,120,True,1.73305843928,1.73305843928,,1.09990188658,1.73305843928,0.139830931381,0.0393013073367,analytics_diagnostic_only
dividend_call_sigma_600,dividend_call,call_volatility_sweep,sigma,0.6,call,1,1,0.05,0.08,0.6,4,120,120,0.01,0.01,0.00833333333333,1,True,1.16623149207,1.16623149207,,1.16623149207,2.3660336615,0.0232592811427,0.00101497826368,analytics_diagnostic_only
dividend_call_sigma_600,dividend_call,call_volatility_sweep,sigma,0.6,call,1,1,0.05,0.08,0.6,4,120,120,0.25,0.25,0.25,30,True,1.73318124044,1.73318124044,,1.16623149207,2.3660336615,0.114335089035,0.0277897225661,analytics_diagnostic_only
dividend_call_sigma_600,dividend_call,call_volatility_sweep,sigma,0.6,call,1,1,0.05,0.08,0.6,4,120,120,0.5,0.5,0.5,60,True,2.03092814663,2.03092814663,,1.16623149207,2.3660336615,0.157630497776,0.0520822619024,analytics_diagnostic_only
dividend_call_sigma_600,dividend_call,call_volatility_sweep,sigma,0.6,call,1,1,0.05,0.08,0.6,4,120,120,0.75,0.75,0.75,90,True,2.19976314977,2.19976314977,,1.16623149207,2.3660336615,0.1887122696,0.07314238228,analytics_diagnostic_only
dividend_call_sigma_600,dividend_call,call_volatility_sweep,sigma,0.6,call,1,1,0.05,0.08,0.6,4,120,120,1,1,1,120,True,2.3660336615,2.3660336615,,1.16623149207,2.3660336615,0.213362270473,0.0914071285679,analytics_diagnostic_only
dividend_call_r_030,dividend_call,call_interest_rate_sweep,r,0.03,call,1,1,0.03,0.08,0.2,4,120,120,0.01,0.01,0.00833333333333,1,True,1.03332536454,1.03332536454,,1.03332536454,1.23328217079,0.00418298403991,0.000103355416268,analytics_diagnostic_only
dividend_call_r_030,dividend_call,call_interest_rate_sweep,r,0.03,call,1,1,0.03,0.08,0.2,4,120,120,0.25,0.25,0.25,30,True,1.16536357838,1.16536357838,,1.03332536454,1.23328217079,0.0340179480351,0.00244737295903,analytics_diagnostic_only
dividend_call_r_030,dividend_call,call_interest_rate_sweep,r,0.03,call,1,1,0.03,0.08,0.2,4,120,120,0.5,0.5,0.5,60,True,1.19979660894,1.19979660894,,1.03332536454,1.23328217079,0.0457111196241,0.0043127838154,analytics_diagnostic_only
dividend_call_r_030,dividend_call,call_interest_rate_sweep,r,0.03,call,1,1,0.03,0.08,0.2,4,120,120,0.75,0.75,0.75,90,True,1.19998317542,1.19998317542,,1.03332536454,1.23328217079,0.0536105915592,0.0058805375375,analytics_diagnostic_only
dividend_call_r_030,dividend_call,call_interest_rate_sweep,r,0.03,call,1,1,0.03,0.08,0.2,4,120,120,1,1,1,120,True,1.23328217079,1.23328217079,,1.03332536454,1.23328217079,0.0596177590106,0.00722927857261,analytics_diagnostic_only
dividend_call_r_050,dividend_call,call_interest_rate_sweep,r,0.05,call,1,1,0.05,0.08,0.2,4,120,120,0.01,0.01,0.00833333333333,1,True,1.0661653907,1.0661653907,,1.0661653907,1.26663012494,0.00425969540186,0.000106915197766,analytics_diagnostic_only
dividend_call_r_050,dividend_call,call_interest_rate_sweep,r,0.05,call,1,1,0.05,0.08,0.2,4,120,120,0.25,0.25,0.25,30,True,1.1666350335,1.1666350335,,1.0661653907,1.26663012494,0.0357611784601,0.00271992288439,analytics_diagnostic_only
dividend_call_r_050,dividend_call,call_interest_rate_sweep,r,0.05,call,1,1,0.05,0.08,0.2,4,120,120,0.5,0.5,0.5,60,True,1.23208681214,1.23208681214,,1.0661653907,1.26663012494,0.0488665500449,0.00493590676481,analytics_diagnostic_only
dividend_call_r_050,dividend_call,call_interest_rate_sweep,r,0.05,call,1,1,0.05,0.08,0.2,4,120,120,0.75,0.75,0.75,90,True,1.23331276578,1.23331276578,,1.0661653907,1.26663012494,0.0580100140542,0.00686812415669,analytics_diagnostic_only
dividend_call_r_050,dividend_call,call_interest_rate_sweep,r,0.05,call,1,1,0.05,0.08,0.2,4,120,120,1,1,1,120,True,1.26663012494,1.26663012494,,1.0661653907,1.26663012494,0.0651311767989,0.00858934715201,analytics_diagnostic_only
dividend_call_r_080,dividend_call,call_interest_rate_sweep,r,0.08,call,1,1,0.08,0.08,0.2,4,120,120,0.01,0.01,0.00833333333333,1,True,1.06654900071,1.06654900071,,1.06654900071,1.36659299441,0.00438265798849,0.000115180893865,analytics_diagnostic_only
dividend_call_r_080,dividend_call,call_interest_rate_sweep,r,0.08,call,1,1,0.08,0.08,0.2,4,120,120,0.25,0.25,0.25,30,True,1.23318699838,1.23318699838,,1.06654900071,1.36659299441,0.038668807523,0.00325707372131,analytics_diagnostic_only
dividend_call_r_080,dividend_call,call_interest_rate_sweep,r,0.08,call,1,1,0.08,0.08,0.2,4,120,120,0.5,0.5,0.5,60,True,1.29983159231,1.29983159231,,1.06654900071,1.36659299441,0.0542337456588,0.00620941661498,analytics_diagnostic_only
dividend_call_r_080,dividend_call,call_interest_rate_sweep,r,0.08,call,1,1,0.08,0.08,0.2,4,120,120,0.75,0.75,0.75,90,True,1.33326152619,1.33326152619,,1.06654900071,1.36659299441,0.0655936055256,0.00892765996971,analytics_diagnostic_only
dividend_call_r_080,dividend_call,call_interest_rate_sweep,r,0.08,call,1,1,0.08,0.08,0.2,4,120,120,1,1,1,120,True,1.36659299441,1.36659299441,,1.06654900071,1.36659299441,0.0747415141334,0.0114474416768,analytics_diagnostic_only
call_heatmap_q_030_sigma_200,dividend_call,call_q_sigma_heatmap,q_sigma,0.03,call,1,1,0.05,0.03,0.2,4,120,120,0.01,0.01,0.00833333333333,1,True,1.67301123573,1.67301123573,,1.67301123573,1.89785321428,0.00446741146877,0.000155013218291,analytics_diagnostic_only
call_heatmap_q_030_sigma_200,dividend_call,call_q_sigma_heatmap,q_sigma,0.03,call,1,1,0.05,0.03,0.2,4,120,120,0.25,0.25,0.25,30,True,1.76580952579,1.76580952579,,1.67301123573,1.89785321428,0.0414474654459,0.00461925069539,analytics_diagnostic_only
call_heatmap_q_030_sigma_200,dividend_call,call_q_sigma_heatmap,q_sigma,0.03,call,1,1,0.05,0.03,0.2,4,120,120,0.5,0.5,0.5,60,True,1.82664503226,1.82664503226,,1.67301123573,1.89785321428,0.0599096431819,0.00917366597383,analytics_diagnostic_only
call_heatmap_q_030_sigma_200,dividend_call,call_q_sigma_heatmap,q_sigma,0.03,call,1,1,0.05,0.03,0.2,4,120,120,0.75,0.75,0.75,90,True,1.86393626933,1.86393626933,,1.67301123573,1.89785321428,0.0741939822952,0.0136630025687,analytics_diagnostic_only
call_heatmap_q_030_sigma_200,dividend_call,call_q_sigma_heatmap,q_sigma,0.03,call,1,1,0.05,0.03,0.2,4,120,120,1,1,1,120,True,1.89785321428,1.89785321428,,1.67301123573,1.89785321428,0.0862630086394,0.0180818146826,analytics_diagnostic_only
call_heatmap_q_030_sigma_400,dividend_call,call_q_sigma_heatmap,q_sigma,0.03,call,1,1,0.05,0.03,0.4,4,120,120,0.01,0.01,0.00833333333333,1,True,1.68851058131,1.68851058131,,1.68851058131,2.46592019789,0.0135635535181,0.000504006618235,analytics_diagnostic_only
call_heatmap_q_030_sigma_400,dividend_call,call_q_sigma_heatmap,q_sigma,0.03,call,1,1,0.05,0.03,0.4,4,120,120,0.25,0.25,0.25,30,True,1.92210953897,1.92210953897,,1.68851058131,2.46592019789,0.0810947272944,0.0152130107765,analytics_diagnostic_only
call_heatmap_q_030_sigma_400,dividend_call,call_q_sigma_heatmap,q_sigma,0.03,call,1,1,0.05,0.03,0.4,4,120,120,0.5,0.5,0.5,60,True,2.13189860799,2.13189860799,,1.68851058131,2.46592019789,0.115036604841,0.0303283251722,analytics_diagnostic_only
call_heatmap_q_030_sigma_400,dividend_call,call_q_sigma_heatmap,q_sigma,0.03,call,1,1,0.05,0.03,0.4,4,120,120,0.75,0.75,0.75,90,True,2.32237805537,2.32237805537,,1.68851058131,2.46592019789,0.140776390328,0.0448173691751,analytics_diagnostic_only
call_heatmap_q_030_sigma_400,dividend_call,call_q_sigma_heatmap,q_sigma,0.03,call,1,1,0.05,0.03,0.4,4,120,120,1,1,1,120,True,2.46592019789,2.46592019789,,1.68851058131,2.46592019789,0.162167584125,0.0584764483657,analytics_diagnostic_only
call_heatmap_q_030_sigma_600,dividend_call,call_q_sigma_heatmap,q_sigma,0.03,call,1,1,0.05,0.03,0.6,4,120,120,0.01,0.01,0.00833333333333,1,True,1.69176016193,1.69176016193,,1.69176016193,3.46548839177,0.0234703913595,0.00108640072939,analytics_diagnostic_only
call_heatmap_q_030_sigma_600,dividend_call,call_q_sigma_heatmap,q_sigma,0.03,call,1,1,0.05,0.03,0.6,4,120,120,0.25,0.25,0.25,30,True,2.26623716807,2.26623716807,,1.69176016193,3.46548839177,0.120378487437,0.0330762548726,analytics_diagnostic_only
call_heatmap_q_030_sigma_600,dividend_call,call_q_sigma_heatmap,q_sigma,0.03,call,1,1,0.05,0.03,0.6,4,120,120,0.5,0.5,0.5,60,True,2.76495941172,2.76495941172,,1.69176016193,3.46548839177,0.169606944869,0.0639281417277,analytics_diagnostic_only
call_heatmap_q_030_sigma_600,dividend_call,call_q_sigma_heatmap,q_sigma,0.03,call,1,1,0.05,0.03,0.6,4,120,120,0.75,0.75,0.75,90,True,3.14346955268,3.14346955268,,1.69176016193,3.46548839177,0.206522505483,0.0912436109769,analytics_diagnostic_only
call_heatmap_q_030_sigma_600,dividend_call,call_q_sigma_heatmap,q_sigma,0.03,call,1,1,0.05,0.03,0.6,4,120,120,1,1,1,120,True,3.46548839177,3.46548839177,,1.69176016193,3.46548839177,0.236886608448,0.115544598692,analytics_diagnostic_only
call_heatmap_q_080_sigma_200,dividend_call,call_q_sigma_heatmap,q_sigma,0.08,call,1,1,0.05,0.08,0.2,4,120,120,0.01,0.01,0.00833333333333,1,True,1.0661653907,1.0661653907,,1.0661653907,1.26663012494,0.00425969540186,0.000106915197766,analytics_diagnostic_only
call_heatmap_q_080_sigma_200,dividend_call,call_q_sigma_heatmap,q_sigma,0.08,call,1,1,0.05,0.08,0.2,4,120,120,0.25,0.25,0.25,30,True,1.1666350335,1.1666350335,,1.0661653907,1.26663012494,0.0357611784601,0.00271992288439,analytics_diagnostic_only
call_heatmap_q_080_sigma_200,dividend_call,call_q_sigma_heatmap,q_sigma,0.08,call,1,1,0.05,0.08,0.2,4,120,120,0.5,0.5,0.5,60,True,1.23208681214,1.23208681214,,1.0661653907,1.26663012494,0.0488665500449,0.00493590676481,analytics_diagnostic_only
call_heatmap_q_080_sigma_200,dividend_call,call_q_sigma_heatmap,q_sigma,0.08,call,1,1,0.05,0.08,0.2,4,120,120,0.75,0.75,0.75,90,True,1.23331276578,1.23331276578,,1.0661653907,1.26663012494,0.0580100140542,0.00686812415669,analytics_diagnostic_only
call_heatmap_q_080_sigma_200,dividend_call,call_q_sigma_heatmap,q_sigma,0.08,call,1,1,0.05,0.08,0.2,4,120,120,1,1,1,120,True,1.26663012494,1.26663012494,,1.0661653907,1.26663012494,0.0651311767989,0.00858934715201,analytics_diagnostic_only
call_heatmap_q_080_sigma_400,dividend_call,call_q_sigma_heatmap,q_sigma,0.08,call,1,1,0.05,0.08,0.4,4,120,120,0.01,0.01,0.00833333333333,1,True,1.09990188658,1.09990188658,,1.09990188658,1.73305843928,0.0133545506781,0.00044640705433,analytics_diagnostic_only
call_heatmap_q_080_sigma_400,dividend_call,call_q_sigma_heatmap,q_sigma,0.08,call,1,1,0.05,0.08,0.4,4,120,120,0.25,0.25,0.25,30,True,1.43308738239,1.43308738239,,1.09990188658,1.73305843928,0.0752172901138,0.0118722373597,analytics_diagnostic_only
call_heatmap_q_080_sigma_400,dividend_call,call_q_sigma_heatmap,q_sigma,0.08,call,1,1,0.05,0.08,0.4,4,120,120,0.5,0.5,0.5,60,True,1.5664572359,1.5664572359,,1.09990188658,1.73305843928,0.103509883247,0.022038453086,analytics_diagnostic_only
call_heatmap_q_080_sigma_400,dividend_call,call_q_sigma_heatmap,q_sigma,0.08,call,1,1,0.05,0.08,0.4,4,120,120,0.75,0.75,0.75,90,True,1.6661653399,1.6661653399,,1.09990188658,1.73305843928,0.123768422823,0.031101492878,analytics_diagnostic_only
call_heatmap_q_080_sigma_400,dividend_call,call_q_sigma_heatmap,q_sigma,0.08,call,1,1,0.05,0.08,0.4,4,120,120,1,1,1,120,True,1.73305843928,1.73305843928,,1.09990188658,1.73305843928,0.139830931381,0.0393013073367,analytics_diagnostic_only
call_heatmap_q_080_sigma_600,dividend_call,call_q_sigma_heatmap,q_sigma,0.08,call,1,1,0.05,0.08,0.6,4,120,120,0.01,0.01,0.00833333333333,1,True,1.16623149207,1.16623149207,,1.16623149207,2.3660336615,0.0232592811427,0.00101497826368,analytics_diagnostic_only
call_heatmap_q_080_sigma_600,dividend_call,call_q_sigma_heatmap,q_sigma,0.08,call,1,1,0.05,0.08,0.6,4,120,120,0.25,0.25,0.25,30,True,1.73318124044,1.73318124044,,1.16623149207,2.3660336615,0.114335089035,0.0277897225661,analytics_diagnostic_only
call_heatmap_q_080_sigma_600,dividend_call,call_q_sigma_heatmap,q_sigma,0.08,call,1,1,0.05,0.08,0.6,4,120,120,0.5,0.5,0.5,60,True,2.03092814663,2.03092814663,,1.16623149207,2.3660336615,0.157630497776,0.0520822619024,analytics_diagnostic_only
call_heatmap_q_080_sigma_600,dividend_call,call_q_sigma_heatmap,q_sigma,0.08,call,1,1,0.05,0.08,0.6,4,120,120,0.75,0.75,0.75,90,True,2.19976314977,2.19976314977,,1.16623149207,2.3660336615,0.1887122696,0.07314238228,analytics_diagnostic_only
call_heatmap_q_080_sigma_600,dividend_call,call_q_sigma_heatmap,q_sigma,0.08,call,1,1,0.05,0.08,0.6,4,120,120,1,1,1,120,True,2.3660336615,2.3660336615,,1.16623149207,2.3660336615,0.213362270473,0.0914071285679,analytics_diagnostic_only
call_heatmap_q_100_sigma_200,dividend_call,call_q_sigma_heatmap,q_sigma,0.1,call,1,1,0.05,0.1,0.2,4,120,120,0.01,0.01,0.00833333333333,1,True,1.03332536396,1.03332536396,,1.03332536396,1.23321138817,0.00418267852111,0.000103347393922,analytics_diagnostic_only
call_heatmap_q_100_sigma_200,dividend_call,call_q_sigma_heatmap,q_sigma,0.1,call,1,1,0.05,0.1,0.2,4,120,120,0.25,0.25,0.25,30,True,1.13332079124,1.13332079124,,1.03332536396,1.23321138817,0.0339104035533,0.00243111205241,analytics_diagnostic_only
call_heatmap_q_100_sigma_200,dividend_call,call_q_sigma_heatmap,q_sigma,0.1,call,1,1,0.05,0.1,0.2,4,120,120,0.5,0.5,0.5,60,True,1.19846900575,1.19846900575,,1.03332536396,1.23321138817,0.0454432906594,0.00426063787226,analytics_diagnostic_only
call_heatmap_q_100_sigma_200,dividend_call,call_q_sigma_heatmap,q_sigma,0.1,call,1,1,0.05,0.1,0.2,4,120,120,0.75,0.75,0.75,90,True,1.19997992229,1.19997992229,,1.03332536396,1.23321138817,0.0531638859229,0.0057850473052,analytics_diagnostic_only
call_heatmap_q_100_sigma_200,dividend_call,call_q_sigma_heatmap,q_sigma,0.1,call,1,1,0.05,0.1,0.2,4,120,120,1,1,1,120,True,1.23321138817,1.23321138817,,1.03332536396,1.23321138817,0.058991496594,0.0070776691975,analytics_diagnostic_only
call_heatmap_q_100_sigma_400,dividend_call,call_q_sigma_heatmap,q_sigma,0.1,call,1,1,0.05,0.1,0.4,4,120,120,0.01,0.01,0.00833333333333,1,True,1.09983987657,1.09983987657,,1.09983987657,1.6331118829,0.0132722390499,0.00043747112895,analytics_diagnostic_only
call_heatmap_q_100_sigma_400,dividend_call,call_q_sigma_heatmap,q_sigma,0.1,call,1,1,0.05,0.1,0.4,4,120,120,0.25,0.25,0.25,30,True,1.36661659217,1.36661659217,,1.09983987657,1.6331118829,0.0731449960144,0.0110833221886,analytics_diagnostic_only
call_heatmap_q_100_sigma_400,dividend_call,call_q_sigma_heatmap,q_sigma,0.1,call,1,1,0.05,0.1,0.4,4,120,120,0.5,0.5,0.5,60,True,1.4998201812,1.4998201812,,1.09983987657,1.6331118829,0.0995420188439,0.0200868103081,analytics_diagnostic_only
call_heatmap_q_100_sigma_400,dividend_call,call_q_sigma_heatmap,q_sigma,0.1,call,1,1,0.05,0.1,0.4,4,120,120,0.75,0.75,0.75,90,True,1.56656963978,1.56656963978,,1.09983987657,1.6331118829,0.118022941424,0.0278572004787,analytics_diagnostic_only
call_heatmap_q_100_sigma_400,dividend_call,call_q_sigma_heatmap,q_sigma,0.1,call,1,1,0.05,0.1,0.4,4,120,120,1,1,1,120,True,1.6331118829,1.6331118829,,1.09983987657,1.6331118829,0.132409350028,0.0347048254959,analytics_diagnostic_only
call_heatmap_q_100_sigma_600,dividend_call,call_q_sigma_heatmap,q_sigma,0.1,call,1,1,0.05,0.1,0.6,4,120,120,0.01,0.01,0.00833333333333,1,True,1.13326573453,1.13326573453,,1.13326573453,2.19872592998,0.0231760365439,0.00100023829529,analytics_diagnostic_only
call_heatmap_q_100_sigma_600,dividend_call,call_q_sigma_heatmap,q_sigma,0.1,call,1,1,0.05,0.1,0.6,4,120,120,0.25,0.25,0.25,30,True,1.66652989731,1.66652989731,,1.13326573453,2.19872592998,0.112134984089,0.0263167906744,analytics_diagnostic_only
call_heatmap_q_100_sigma_600,dividend_call,call_q_sigma_heatmap,q_sigma,0.1,call,1,1,0.05,0.1,0.6,4,120,120,0.5,0.5,0.5,60,True,1.89980987476,1.89980987476,,1.13326573453,2.19872592998,0.153342004903,0.0484121881555,analytics_diagnostic_only
call_heatmap_q_100_sigma_600,dividend_call,call_q_sigma_heatmap,q_sigma,0.1,call,1,1,0.05,0.1,0.6,4,120,120,0.75,0.75,0.75,90,True,2.06634509446,2.06634509446,,1.13326573453,2.19872592998,0.182431728973,0.0673925779788,analytics_diagnostic_only
call_heatmap_q_100_sigma_600,dividend_call,call_q_sigma_heatmap,q_sigma,0.1,call,1,1,0.05,0.1,0.6,4,120,120,1,1,1,120,True,2.19872592998,2.19872592998,,1.13326573453,2.19872592998,0.205181962234,0.0837048818906,analytics_diagnostic_only
call_heatmap_q_140_sigma_200,dividend_call,call_q_sigma_heatmap,q_sigma,0.14,call,1,1,0.05,0.14,0.2,4,120,120,0.01,0.01,0.00833333333333,1,True,1.0333250766,1.0333250766,,1.0333250766,1.16664700071,0.00403710941366,9.9526876656e-05,analytics_diagnostic_only
call_heatmap_q_140_sigma_200,dividend_call,call_q_sigma_heatmap,q_sigma,0.14,call,1,1,0.05,0.14,0.2,4,120,120,0.25,0.25,0.25,30,True,1.13311197447,1.13311197447,,1.0333250766,1.16664700071,0.0306266349377,0.00198852211151,analytics_diagnostic_only
call_heatmap_q_140_sigma_200,dividend_call,call_q_sigma_heatmap,q_sigma,0.14,call,1,1,0.05,0.14,0.2,4,120,120,0.5,0.5,0.5,60,True,1.13332311527,1.13332311527,,1.0333250766,1.16664700071,0.039568825966,0.00328594192043,analytics_diagnostic_only
call_heatmap_q_140_sigma_200,dividend_call,call_q_sigma_heatmap,q_sigma,0.14,call,1,1,0.05,0.14,0.2,4,120,120,0.75,0.75,0.75,90,True,1.16660169926,1.16660169926,,1.0333250766,1.16664700071,0.0450680076783,0.00424578573624,analytics_diagnostic_only
call_heatmap_q_140_sigma_200,dividend_call,call_q_sigma_heatmap,q_sigma,0.14,call,1,1,0.05,0.14,0.2,4,120,120,1,1,1,120,True,1.16664700071,1.16664700071,,1.0333250766,1.16664700071,0.048945019942,0.00503099901409,analytics_diagnostic_only
call_heatmap_q_140_sigma_400,dividend_call,call_q_sigma_heatmap,q_sigma,0.14,call,1,1,0.05,0.14,0.4,4,120,120,0.01,0.01,0.00833333333333,1,True,1.06665098107,1.06665098107,,1.06665098107,1.49989876,0.0131103864665,0.00042123465923,analytics_diagnostic_only
call_heatmap_q_140_sigma_400,dividend_call,call_q_sigma_heatmap,q_sigma,0.14,call,1,1,0.05,0.14,0.4,4,120,120,0.25,0.25,0.25,30,True,1.33302761835,1.33302761835,,1.06665098107,1.49989876,0.069288954791,0.00980323525327,analytics_diagnostic_only
call_heatmap_q_140_sigma_400,dividend_call,call_q_sigma_heatmap,q_sigma,0.14,call,1,1,0.05,0.14,0.4,4,120,120,0.5,0.5,0.5,60,True,1.39994751581,1.39994751581,,1.06665098107,1.49989876,0.0923144893863,0.017042726945,analytics_diagnostic_only
call_heatmap_q_140_sigma_400,dividend_call,call_q_sigma_heatmap,q_sigma,0.14,call,1,1,0.05,0.14,0.4,4,120,120,0.75,0.75,0.75,90,True,1.46649074939,1.46649074939,,1.06665098107,1.49989876,0.107732550248,0.022929058955,analytics_diagnostic_only
call_heatmap_q_140_sigma_400,dividend_call,call_q_sigma_heatmap,q_sigma,0.14,call,1,1,0.05,0.14,0.4,4,120,120,1,1,1,120,True,1.49989876,1.49989876,,1.06665098107,1.49989876,0.119305430141,0.0278881655071,analytics_diagnostic_only
call_heatmap_q_140_sigma_600,dividend_call,call_q_sigma_heatmap,q_sigma,0.14,call,1,1,0.05,0.14,0.6,4,120,120,0.01,0.01,0.00833333333333,1,True,1.13320986412,1.13320986412,,1.13320986412,1.96622778939,0.0230118305027,0.000976182300849,analytics_diagnostic_only
call_heatmap_q_140_sigma_600,dividend_call,call_q_sigma_heatmap,q_sigma,0.14,call,1,1,0.05,0.14,0.6,4,120,120,0.25,0.25,0.25,30,True,1.56658733892,1.56658733892,,1.13320986412,1.96622778939,0.10796822842,0.0238827489887,analytics_diagnostic_only
call_heatmap_q_140_sigma_600,dividend_call,call_q_sigma_heatmap,q_sigma,0.14,call,1,1,0.05,0.14,0.6,4,120,120,0.5,0.5,0.5,60,True,1.76617556806,1.76617556806,,1.13320986412,1.96622778939,0.145358443531,0.0423816742361,analytics_diagnostic_only
call_heatmap_q_140_sigma_600,dividend_call,call_q_sigma_heatmap,q_sigma,0.14,call,1,1,0.05,0.14,0.6,4,120,120,0.75,0.75,0.75,90,True,1.86652759047,1.86652759047,,1.13320986412,1.96622778939,0.170897729242,0.057743205418,analytics_diagnostic_only
call_heatmap_q_140_sigma_600,dividend_call,call_q_sigma_heatmap,q_sigma,0.14,call,1,1,0.05,0.14,0.6,4,120,120,1,1,1,120,True,1.96622778939,1.96622778939,,1.13320986412,1.96622778939,0.190332596117,0.0707191184761,analytics_diagnostic_only
