model_name,split,sample_id,row_index,regime_id,value_target,value_prediction,value_error,premium_target,premium_prediction,premium_error,payoff_over_K,boundary_near,strict_interior,downstream_use_status
direct_value_mlp,train,0,5193,put_T025_s020_r001_q000,1.1435700512304688e-06,-0.008762888610363007,-0.008764032180414237,1.1435700512304688e-06,-0.008762888610363007,-0.008764032180414237,0.0,False,True,stage3_surrogate_diagnostic_only
direct_value_mlp,train,1,65699,put_T025_s040_r001_q000,3.591863564116619e-05,-0.00894225388765335,-0.008978172523294517,3.591863564116619e-05,-0.00894225388765335,-0.008978172523294517,0.0,False,True,stage3_surrogate_diagnostic_only
direct_value_mlp,train,2,79005,put_T025_s040_r001_q010,0.13821041420524613,0.12682890892028809,-0.011381505284958043,0.004877080871912826,-0.006504424413045218,-0.011381505284958043,0.1333333333333333,False,True,stage3_surrogate_diagnostic_only
direct_value_mlp,train,3,82057,put_T025_s040_r001_q010,0.19075367860332293,0.20945075154304504,0.018697072939722115,0.0240870119366563,0.042784084876378414,0.018697072939722115,0.16666666666666663,False,True,stage3_surrogate_diagnostic_only
direct_value_mlp,train,4,107487,put_T025_s040_r010_q000,0.0010131964037931587,-0.009637601673603058,-0.010650798077396217,0.0010131964037931587,-0.009637601673603058,-0.010650798077396217,0.0,False,True,stage3_surrogate_diagnostic_only
direct_value_mlp,train,5,109498,put_T025_s040_r010_q003,0.0009522135889925056,0.022067241370677948,0.021115027781685444,0.0009522135889925056,0.022067241370677948,0.021115027781685444,0.0,False,False,stage3_surrogate_diagnostic_only
direct_value_mlp,train,6,243836,put_T050_s020_r010_q006,0.001492908647657024,-0.014223933219909668,-0.01571684186756669,0.001492908647657024,-0.014223933219909668,-0.01571684186756669,0.0,False,True,stage3_surrogate_diagnostic_only
direct_value_mlp,train,7,264207,put_T050_s040_r001_q006,0.16301501104389413,0.16269969940185547,-0.000315311642038657,0.06301501104389415,0.06269969940185549,-0.000315311642038657,0.09999999999999998,False,True,stage3_surrogate_diagnostic_only
direct_value_mlp,train,8,295817,put_T050_s040_r010_q000,0.0624188451841593,0.07525269687175751,0.012833851687598208,0.0624188451841593,0.07525269687175751,0.012833851687598208,0.0,False,False,stage3_surrogate_diagnostic_only
direct_value_mlp,train,9,395632,put_T100_s020_r005_q000,3.030508045817376e-14,-0.0216505229473114,-0.021650522947341707,3.030508045817376e-14,-0.0216505229473114,-0.021650522947341707,0.0,False,True,stage3_surrogate_diagnostic_only
direct_value_mlp,train,10,408623,put_T100_s020_r005_q006,2.446284759199164e-05,-0.012342371046543121,-0.012366833894135112,2.446284759199164e-05,-0.012342371046543121,-0.012366833894135112,0.0,False,True,stage3_surrogate_diagnostic_only
direct_value_mlp,train,11,434001,put_T100_s020_r010_q010,0.5333333333333333,0.5263580679893494,-0.006975265343983961,0.0,-0.006975265343983961,-0.006975265343983961,0.5333333333333333,False,True,stage3_surrogate_diagnostic_only
direct_value_mlp,train,12,461353,put_T100_s040_r005_q000,0.4,0.40907883644104004,0.009078836441040017,0.0,0.009078836441040017,0.009078836441040017,0.4,True,False,stage3_surrogate_diagnostic_only
direct_value_mlp,train,13,507544,put_T100_s060_r001_q003,0.22551862069951914,0.2293899655342102,0.003871344834691065,0.12551862069951916,0.12938996553421023,0.003871344834691065,0.09999999999999998,False,True,stage3_surrogate_diagnostic_only
direct_value_mlp,train,14,532818,put_T100_s060_r005_q006,0.4389933796463401,0.4584104120731354,0.019417032426795267,0.005660046313006761,0.025077078739802028,0.019417032426795267,0.43333333333333335,False,True,stage3_surrogate_diagnostic_only
direct_value_mlp,train,15,578343,put_T200_s020_r001_q010,1.6718722141907857e-06,-0.008684106171131134,-0.008685778043345325,1.6718722141907857e-06,-0.008684106171131134,-0.008685778043345325,0.0,False,True,stage3_surrogate_diagnostic_only
direct_value_mlp,train,16,652993,put_T200_s040_r005_q003,0.021209668218333106,0.02272515743970871,0.0015154892213756037,0.021209668218333106,0.02272515743970871,0.0015154892213756037,0.0,False,True,stage3_surrogate_diagnostic_only
direct_value_mlp,train,17,657745,put_T200_s040_r005_q006,0.15764271355939016,0.16080409288406372,0.0031613793246735578,0.12430938022605684,0.1274707595507304,0.0031613793246735578,0.033333333333333326,False,False,stage3_surrogate_diagnostic_only
direct_value_mlp,train,18,690614,put_T200_s060_r001_q000,0.14372874939640642,0.14071086049079895,-0.0030178889056074742,0.14372874939640642,0.14071086049079895,-0.0030178889056074742,0.0,False,True,stage3_surrogate_diagnostic_only
direct_value_mlp,train,19,696492,put_T200_s060_r001_q003,0.2814780990760954,0.2739632725715637,-0.007514826504531669,0.2814780990760954,0.2739632725715637,-0.007514826504531669,0.0,False,True,stage3_surrogate_diagnostic_only
direct_value_mlp,train,20,708412,put_T200_s060_r005_q000,0.02796402423039696,0.030770905315876007,0.002806881085479048,0.02796402423039696,0.030770905315876007,0.002806881085479048,0.0,False,True,stage3_surrogate_diagnostic_only
direct_value_mlp,train,21,733972,put_T200_s060_r010_q003,0.43333333333333335,0.4154880940914154,-0.017845239241917943,0.0,-0.017845239241917943,-0.017845239241917943,0.43333333333333335,False,True,stage3_surrogate_diagnostic_only
direct_value_mlp,train,22,743156,put_T200_s060_r010_q006,0.15561973635264623,0.15200811624526978,-0.003611620107376451,0.15561973635264623,0.15200811624526978,-0.003611620107376451,0.0,False,True,stage3_surrogate_diagnostic_only
direct_value_mlp,train,23,765133,call_T025_s020_r001_q010,0.5333333333333332,0.5578680038452148,0.02453467051188163,0.0,0.02453467051188163,0.02453467051188163,0.5333333333333332,False,True,stage3_surrogate_diagnostic_only
direct_value_mlp,train,24,796152,call_T025_s020_r010_q003,3.4069834617050026e-23,-0.017682485282421112,-0.017682485282421112,3.4069834617050026e-23,-0.017682485282421112,-0.017682485282421112,0.0,False,True,stage3_surrogate_diagnostic_only
direct_value_mlp,train,25,811253,call_T025_s020_r010_q010,0.005992387681521309,0.03867962956428528,0.03268724188276397,0.005992387681521309,0.03867962956428528,0.03268724188276397,0.0,False,True,stage3_surrogate_diagnostic_only
direct_value_mlp,train,26,947164,call_T050_s020_r001_q006,3.858668608192391e-25,0.010855577886104584,0.010855577886104584,3.858668608192391e-25,0.010855577886104584,0.010855577886104584,0.0,False,True,stage3_surrogate_diagnostic_only
direct_value_mlp,train,27,955145,call_T050_s020_r001_q010,0.3666666666666667,0.3567759096622467,-0.009890757004419992,0.0,-0.009890757004419992,-0.009890757004419992,0.3666666666666667,False,True,stage3_surrogate_diagnostic_only
direct_value_mlp,train,28,1014579,call_T050_s040_r001_q006,0.6333333333333333,0.6449198722839355,0.011586538950602243,0.0,0.011586538950602243,0.011586538950602243,0.6333333333333333,False,True,stage3_surrogate_diagnostic_only
direct_value_mlp,train,29,1015393,call_T050_s040_r001_q010,0.5333333333333332,0.531960129737854,-0.001373203595479211,0.0,-0.001373203595479211,-0.001373203595479211,0.5333333333333332,False,True,stage3_surrogate_diagnostic_only
direct_value_mlp,train,30,1057713,call_T050_s040_r010_q010,0.8,0.7763716578483582,-0.02362834215164189,0.0,-0.02362834215164189,-0.02362834215164189,0.8,False,True,stage3_surrogate_diagnostic_only
direct_value_mlp,train,31,1076794,call_T050_s060_r001_q006,0.4661645385825203,0.4697525203227997,0.0035879817402793557,0.03283120524918698,0.036419186989466334,0.0035879817402793557,0.43333333333333335,False,True,stage3_surrogate_diagnostic_only
direct_value_mlp,train,32,1131114,call_T100_s020_r001_q003,0.8,0.776232123374939,-0.02376787662506108,0.0,-0.02376787662506108,-0.02376787662506108,0.8,False,True,stage3_surrogate_diagnostic_only
direct_value_mlp,train,33,1170793,call_T100_s020_r010_q003,0.46759879527760134,0.4466578960418701,-0.020940899235731225,0.0009321286109347793,-0.020008770624796446,-0.020940899235731225,0.46666666666666656,False,True,stage3_surrogate_diagnostic_only
direct_value_mlp,train,34,1171547,call_T100_s020_r010_q003,0.00015122505262423852,-0.010698571801185608,-0.010849796853809846,0.00015122505262423852,-0.010698571801185608,-0.010849796853809846,0.0,False,True,stage3_surrogate_diagnostic_only
direct_value_mlp,train,35,1237904,call_T100_s040_r010_q003,0.21964693746688838,0.18729561567306519,-0.03235132179382319,0.15298027080022172,0.12062894900639853,-0.03235132179382319,0.06666666666666665,False,False,stage3_surrogate_diagnostic_only
direct_value_mlp,train,36,1387393,call_T200_s040_r001_q006,0.7666666666666666,0.7485206127166748,-0.018146053949991803,0.0,-0.018146053949991803,-0.018146053949991803,0.7666666666666666,True,False,stage3_surrogate_diagnostic_only
direct_value_mlp,train,37,1407224,call_T200_s040_r005_q006,0.011628926445384867,-0.003162957727909088,-0.014791884173293956,0.011628926445384867,-0.003162957727909088,-0.014791884173293956,0.0,False,True,stage3_surrogate_diagnostic_only
direct_value_mlp,train,38,1415195,call_T200_s040_r005_q010,0.24631067880066498,0.223436176776886,-0.022874502023778998,0.11297734546733168,0.09010284344355268,-0.022874502023778998,0.1333333333333333,False,True,stage3_surrogate_diagnostic_only
direct_value_mlp,train,39,1483976,call_T200_s060_r010_q003,0.005157889663113221,0.01686747372150421,0.01170958405839099,0.005157889663113221,0.01686747372150421,0.01170958405839099,0.0,False,True,stage3_surrogate_diagnostic_only
direct_value_mlp,validation,0,209577,put_T050_s020_r005_q000,4.045325939842421e-12,-0.020717211067676544,-0.02071721107172187,4.045325939842421e-12,-0.020717211067676544,-0.02071721107172187,0.0,False,True,stage3_surrogate_diagnostic_only
direct_value_mlp,validation,1,214715,put_T050_s020_r005_q003,0.071067243739918,0.09636513888835907,0.025297895148441066,0.004400577073251352,0.029698472221692418,0.025297895148441066,0.06666666666666665,True,False,stage3_surrogate_diagnostic_only
direct_value_mlp,validation,2,223091,put_T050_s020_r005_q006,0.3666666666666667,0.3595042824745178,-0.007162384192148874,0.0,-0.007162384192148874,-0.007162384192148874,0.3666666666666667,False,True,stage3_surrogate_diagnostic_only
direct_value_mlp,validation,3,225606,put_T050_s020_r005_q010,2.0267223102626137e-05,-0.03409236669540405,-0.03411263391850668,2.0267223102626137e-05,-0.03409236669540405,-0.03411263391850668,0.0,False,True,stage3_surrogate_diagnostic_only
direct_value_mlp,validation,4,226742,put_T050_s020_r005_q010,0.5002884583349726,0.5129828453063965,0.012694386971423888,0.00028845833497259665,0.012982845306396484,0.012694386971423888,0.5,True,False,stage3_surrogate_diagnostic_only
direct_value_mlp,validation,5,270820,put_T050_s040_r005_q000,0.4,0.42862802743911743,0.02862802743911741,0.0,0.02862802743911741,0.02862802743911741,0.4,False,True,stage3_surrogate_diagnostic_only
direct_value_mlp,validation,6,274863,put_T050_s040_r005_q000,0.3666666666666667,0.3599865436553955,-0.0066801230112711885,0.0,-0.0066801230112711885,-0.0066801230112711885,0.3666666666666667,True,False,stage3_surrogate_diagnostic_only
direct_value_mlp,validation,7,276704,put_T050_s040_r005_q003,2.638491349608719e-08,-0.0016188547015190125,-0.0016188810864325085,2.638491349608719e-08,-0.0016188547015190125,-0.0016188810864325085,0.0,False,True,stage3_surrogate_diagnostic_only
direct_value_mlp,validation,8,277582,put_T050_s040_r005_q003,0.08107222024005552,0.09379513561725616,0.012722915377200647,0.04773888690672219,0.06046180228392284,0.012722915377200647,0.033333333333333326,False,False,stage3_surrogate_diagnostic_only
direct_value_mlp,validation,9,278433,put_T050_s040_r005_q003,0.33333333333333337,0.35113683342933655,0.017803500096003178,0.0,0.017803500096003178,0.017803500096003178,0.33333333333333337,True,False,stage3_surrogate_diagnostic_only
direct_value_mlp,validation,10,279227,put_T050_s040_r005_q003,0.012584338104910817,-0.003969989717006683,-0.0165543278219175,0.012584338104910817,-0.003969989717006683,-0.0165543278219175,0.0,False,True,stage3_surrogate_diagnostic_only
direct_value_mlp,validation,11,280350,put_T050_s040_r005_q003,0.008159929975787614,-0.0077702924609184265,-0.01593022243670604,0.008159929975787614,-0.0077702924609184265,-0.01593022243670604,0.0,False,True,stage3_surrogate_diagnostic_only
direct_value_mlp,validation,12,282065,put_T050_s040_r005_q006,0.0007025820728385584,-0.032901860773563385,-0.03360444284640195,0.0007025820728385584,-0.032901860773563385,-0.03360444284640195,0.0,False,True,stage3_surrogate_diagnostic_only
direct_value_mlp,validation,13,286006,put_T050_s040_r005_q006,0.20445870637673222,0.1721307337284088,-0.032327972648323405,0.03779203971006559,0.005464067061742184,-0.032327972648323405,0.16666666666666663,False,True,stage3_surrogate_diagnostic_only
direct_value_mlp,validation,14,286981,put_T050_s040_r005_q010,6.2902525992857575e-09,0.02211364358663559,0.02211363729638299,6.2902525992857575e-09,0.02211364358663559,0.02211363729638299,0.0,False,True,stage3_surrogate_diagnostic_only
direct_value_mlp,validation,15,287296,put_T050_s040_r005_q010,0.17429923740570716,0.1814958155155182,0.00719657810981103,0.007632570739040528,0.014829148848851559,0.00719657810981103,0.16666666666666663,False,True,stage3_surrogate_diagnostic_only
direct_value_mlp,validation,16,289300,put_T050_s040_r005_q010,0.0008811298339484923,0.016059905290603638,0.015178775456655146,0.0008811298339484923,0.016059905290603638,0.015178775456655146,0.0,False,True,stage3_surrogate_diagnostic_only
direct_value_mlp,validation,17,335264,put_T050_s060_r005_q000,0.006063351154102865,0.002473495900630951,-0.003589855253471914,0.006063351154102865,0.002473495900630951,-0.003589855253471914,0.0,False,True,stage3_surrogate_diagnostic_only
direct_value_mlp,validation,18,337274,put_T050_s060_r005_q000,0.07157374522350278,0.05671108514070511,-0.014862660082797671,0.07157374522350278,0.05671108514070511,-0.014862660082797671,0.0,False,True,stage3_surrogate_diagnostic_only
direct_value_mlp,validation,19,337416,put_T050_s060_r005_q000,0.019827787258240748,0.00898817926645279,-0.010839607991787958,0.019827787258240748,0.00898817926645279,-0.010839607991787958,0.0,False,True,stage3_surrogate_diagnostic_only
direct_value_mlp,validation,20,344320,put_T050_s060_r005_q006,0.056269460648631066,0.0520971417427063,-0.004172318905924767,0.056269460648631066,0.0520971417427063,-0.004172318905924767,0.0,False,False,stage3_surrogate_diagnostic_only
direct_value_mlp,validation,21,965732,call_T050_s020_r005_q003,0.6669989923657832,0.6694747805595398,0.0024757881937566006,0.0003323256991164536,0.0028081138928730542,0.0024757881937566006,0.6666666666666667,False,True,stage3_surrogate_diagnostic_only
direct_value_mlp,validation,22,966387,call_T050_s020_r005_q003,1.8566820815811498e-07,-0.02051551640033722,-0.020515702068545378,1.8566820815811498e-07,-0.02051551640033722,-0.020515702068545378,0.0,False,True,stage3_surrogate_diagnostic_only
direct_value_mlp,validation,23,974008,call_T050_s020_r005_q010,0.0009631232868926915,0.002832069993019104,0.0018689467061264124,0.0009631232868926915,0.002832069993019104,0.0018689467061264124,0.0,False,True,stage3_surrogate_diagnostic_only
direct_value_mlp,validation,24,1025113,call_T050_s040_r005_q003,0.6000169382608302,0.6032589077949524,0.0032419695341221466,1.6938260830157148e-05,0.0032589077949523038,0.0032419695341221466,0.6000000000000001,False,True,stage3_surrogate_diagnostic_only
direct_value_mlp,validation,25,1026232,call_T050_s040_r005_q003,0.6335801138322398,0.6626847386360168,0.02910462480377707,0.0002467804989064737,0.029351405302683542,0.02910462480377707,0.6333333333333333,False,True,stage3_surrogate_diagnostic_only
direct_value_mlp,validation,26,1027465,call_T050_s040_r005_q003,0.1943836462783927,0.20099477469921112,0.0066111284208184296,0.02771697961172595,0.03432810803254438,0.0066111284208184296,0.16666666666666674,False,True,stage3_surrogate_diagnostic_only
direct_value_mlp,validation,27,1028680,call_T050_s040_r005_q003,0.5389864707468985,0.5699443817138672,0.03095791096696865,0.005653137413565323,0.03661104838053397,0.03095791096696865,0.5333333333333332,False,True,stage3_surrogate_diagnostic_only
direct_value_mlp,validation,28,1031427,call_T050_s040_r005_q006,0.3666666666666667,0.38737595081329346,0.02070928414662676,0.0,0.02070928414662676,0.02070928414662676,0.3666666666666667,True,False,stage3_surrogate_diagnostic_only
direct_value_mlp,validation,29,1034663,call_T050_s040_r005_q006,0.7333333333333334,0.7588227391242981,0.025489405790964703,0.0,0.025489405790964703,0.025489405790964703,0.7333333333333334,False,True,stage3_surrogate_diagnostic_only
direct_value_mlp,validation,30,1037371,call_T050_s040_r005_q010,0.7,0.7033203840255737,0.003320384025573775,0.0,0.003320384025573775,0.003320384025573775,0.7,False,True,stage3_surrogate_diagnostic_only
direct_value_mlp,validation,31,1037577,call_T050_s040_r005_q010,0.3999999999999999,0.38785600662231445,-0.012143993377685458,0.0,-0.012143993377685458,-0.012143993377685458,0.3999999999999999,True,False,stage3_surrogate_diagnostic_only
direct_value_mlp,validation,32,1087842,call_T050_s060_r005_q003,0.33401100852439874,0.3333017826080322,-0.0007092259163665182,0.0006776751910654855,-3.1550725301032756e-05,-0.0007092259163665182,0.33333333333333326,False,True,stage3_surrogate_diagnostic_only
direct_value_mlp,validation,33,1089270,call_T050_s060_r005_q003,0.6367981997046218,0.64835125207901,0.011553052374388195,0.003464866371288511,0.015017918745676706,0.011553052374388195,0.6333333333333333,False,True,stage3_surrogate_diagnostic_only
direct_value_mlp,validation,34,1089692,call_T050_s060_r005_q003,0.38928555019490296,0.40285542607307434,0.013569875878171378,0.022618883528236267,0.036188759406407645,0.013569875878171378,0.3666666666666667,False,True,stage3_surrogate_diagnostic_only
direct_value_mlp,validation,35,1093007,call_T050_s060_r005_q006,0.5,0.49345022439956665,-0.00654977560043335,0.0,-0.00654977560043335,-0.00654977560043335,0.5,False,True,stage3_surrogate_diagnostic_only
direct_value_mlp,validation,36,1093181,call_T050_s060_r005_q006,0.5666666666666667,0.5572173595428467,-0.009449307123819972,0.0,-0.009449307123819972,-0.009449307123819972,0.5666666666666667,False,True,stage3_surrogate_diagnostic_only
direct_value_mlp,validation,37,1093718,call_T050_s060_r005_q006,0.016009805845073864,0.028150156140327454,0.01214035029525359,0.016009805845073864,0.028150156140327454,0.01214035029525359,0.0,False,True,stage3_surrogate_diagnostic_only
direct_value_mlp,validation,38,1093988,call_T050_s060_r005_q006,0.2520675835071934,0.24147289991378784,-0.01059468359340554,0.01873425017385999,0.00813956658045445,-0.01059468359340554,0.2333333333333334,False,True,stage3_surrogate_diagnostic_only
direct_value_mlp,validation,39,1094020,call_T050_s060_r005_q006,0.030728744973196283,0.042207472026348114,0.011478727053151831,0.030728744973196283,0.042207472026348114,0.011478727053151831,0.0,False,True,stage3_surrogate_diagnostic_only
direct_value_mlp,test,0,680427,put_T200_s040_r010_q006,0.03600588442473112,0.07815053313970566,0.04214464871497454,0.03600588442473112,0.07815053313970566,0.04214464871497454,0.0,False,True,stage3_surrogate_diagnostic_only
direct_value_mlp,test,1,683303,put_T200_s040_r010_q010,0.018358153990057625,0.013834930956363678,-0.004523223033693947,0.018358153990057625,0.013834930956363678,-0.004523223033693947,0.0,False,True,stage3_surrogate_diagnostic_only
direct_value_mlp,test,2,752376,call_T025_s020_r001_q000,2.1552161736909842e-11,0.003880932927131653,0.0038809329055794913,2.1552161736909842e-11,0.003880932927131653,0.0038809329055794913,0.0,False,True,stage3_surrogate_diagnostic_only
direct_value_mlp,test,3,833344,call_T025_s040_r005_q000,4.951703364646774e-12,0.011771179735660553,0.011771179730708849,4.951703364646774e-12,0.011771179735660553,0.011771179730708849,0.0,False,True,stage3_surrogate_diagnostic_only
direct_value_mlp,test,4,858324,call_T025_s040_r010_q000,1.1245170112295963e-06,0.027119778096675873,0.027118653579664642,1.1245170112295963e-06,0.027119778096675873,0.027118653579664642,0.0,False,True,stage3_surrogate_diagnostic_only
direct_value_mlp,test,5,876355,call_T025_s060_r001_q000,0.0351240247103943,0.034092146903276443,-0.0010318778071178591,0.0351240247103943,0.034092146903276443,-0.0010318778071178591,0.0,False,True,stage3_surrogate_diagnostic_only
direct_value_mlp,test,6,900052,call_T025_s060_r005_q000,0.14400105511444808,0.16711200773715973,0.02311095262271165,0.11066772178111486,0.13377867440382651,0.02311095262271165,0.033333333333333215,False,False,stage3_surrogate_diagnostic_only
direct_value_mlp,test,7,917616,call_T025_s060_r010_q000,0.7090103810864405,0.6759294271469116,-0.03308095393952892,0.009010381086440589,-0.024070572853088334,-0.03308095393952892,0.7,False,True,stage3_surrogate_diagnostic_only
direct_value_mlp,test,8,919047,call_T025_s060_r010_q000,0.004285737391399135,0.039892178028821945,0.03560644063742281,0.004285737391399135,0.039892178028821945,0.03560644063742281,0.0,False,True,stage3_surrogate_diagnostic_only
direct_value_mlp,test,9,937386,call_T050_s020_r001_q000,0.3674580285830952,0.3755233883857727,0.00806535980267753,0.0007913619164284791,0.008856721719106009,0.00806535980267753,0.3666666666666667,False,True,stage3_surrogate_diagnostic_only
direct_value_mlp,test,10,961652,call_T050_s020_r005_q000,2.1472508168328106e-11,0.031454868614673615,0.0314548685932011,2.1472508168328106e-11,0.031454868614673615,0.0314548685932011,0.0,False,True,stage3_surrogate_diagnostic_only
direct_value_mlp,test,11,1002074,call_T050_s040_r001_q000,1.2873821888315022e-05,0.0449383482336998,0.04492547441181148,1.2873821888315022e-05,0.0449383482336998,0.04492547441181148,0.0,False,True,stage3_surrogate_diagnostic_only
direct_value_mlp,test,12,1003534,call_T050_s040_r001_q000,1.5665467276942034e-05,0.08335260301828384,0.0833369375510069,1.5665467276942034e-05,0.08335260301828384,0.0833369375510069,0.0,False,True,stage3_surrogate_diagnostic_only
direct_value_mlp,test,13,1041667,call_T050_s040_r010_q000,0.5766238916253653,0.5592392086982727,-0.01738468292709261,0.009957224958698663,-0.007427457968393947,-0.01738468292709261,0.5666666666666667,False,True,stage3_surrogate_diagnostic_only
direct_value_mlp,test,14,1066135,call_T050_s060_r001_q000,0.6343035934975649,0.6097008585929871,-0.024602734904577872,0.034303593497564844,0.009700858592986972,-0.024602734904577872,0.6000000000000001,False,True,stage3_surrogate_diagnostic_only
direct_value_mlp,test,15,1084652,call_T050_s060_r005_q000,0.161394341297146,0.1545415222644806,-0.006852819032665408,0.09472767463047935,0.08787485559781394,-0.006852819032665408,0.06666666666666665,False,False,stage3_surrogate_diagnostic_only
direct_value_mlp,test,16,1085266,call_T050_s060_r005_q000,0.5015963982523937,0.5328550338745117,0.03125863562211806,0.0349297315857271,0.06618836720784516,0.03125863562211806,0.46666666666666656,False,True,stage3_surrogate_diagnostic_only
direct_value_mlp,test,17,1187465,call_T100_s040_r001_q000,0.1169880731301796,0.13239338994026184,0.01540531681008224,0.05032140646351295,0.06572672327359519,0.01540531681008224,0.06666666666666665,False,False,stage3_surrogate_diagnostic_only
direct_value_mlp,test,18,1212224,call_T100_s040_r005_q000,0.06218355948486931,0.08440843224525452,0.022224872760385206,0.06218355948486931,0.08440843224525452,0.022224872760385206,0.0,False,True,stage3_surrogate_diagnostic_only
direct_value_mlp,test,19,1230683,call_T100_s040_r010_q000,0.26134893721189373,0.24738138914108276,-0.013967548070810965,0.09468227054522699,0.08071472247441602,-0.013967548070810965,0.16666666666666674,False,True,stage3_surrogate_diagnostic_only
direct_value_mlp,test,20,1231160,call_T100_s040_r010_q000,0.3879188905883806,0.3788616955280304,-0.009057195060350187,0.08791889058838054,0.07886169552803035,-0.009057195060350187,0.30000000000000004,False,True,stage3_surrogate_diagnostic_only
direct_value_mlp,test,21,1251800,call_T100_s060_r001_q000,0.3957573086778474,0.3842979967594147,-0.011459311918432746,0.09575730867784737,0.08429799675941463,-0.011459311918432746,0.30000000000000004,False,True,stage3_surrogate_diagnostic_only
direct_value_mlp,test,22,1251853,call_T100_s060_r001_q000,0.6817558010247058,0.6533954739570618,-0.02836032706764402,0.048422467691372484,0.020062140623728464,-0.02836032706764402,0.6333333333333333,False,True,stage3_surrogate_diagnostic_only
direct_value_mlp,test,23,1293226,call_T100_s060_r010_q000,0.004665828454417034,0.0372307263314724,0.03256489787705536,0.004665828454417034,0.0372307263314724,0.03256489787705536,0.0,False,True,stage3_surrogate_diagnostic_only
direct_value_mlp,test,24,1293321,call_T100_s060_r010_q000,0.06760329756796765,0.08404555171728134,0.01644225414931369,0.06760329756796765,0.08404555171728134,0.01644225414931369,0.0,False,True,stage3_surrogate_diagnostic_only
direct_value_mlp,test,25,1354335,call_T200_s020_r010_q000,0.00023843379756937274,0.0136723592877388,0.013433925490169427,0.00023843379756937274,0.0136723592877388,0.013433925490169427,0.0,False,True,stage3_surrogate_diagnostic_only
direct_value_mlp,test,26,1377425,call_T200_s040_r001_q000,0.0295249046807971,0.07612994313240051,0.04660503845160341,0.0295249046807971,0.07612994313240051,0.04660503845160341,0.0,False,True,stage3_surrogate_diagnostic_only
direct_value_mlp,test,27,1395544,call_T200_s040_r005_q000,0.20446303444098657,0.1799330711364746,-0.02452996330451196,0.07112970110765326,0.046599737803141306,-0.02452996330451196,0.1333333333333333,False,True,stage3_surrogate_diagnostic_only
direct_value_mlp,test,28,1396153,call_T200_s040_r005_q000,0.427098221445141,0.40380099415779114,-0.023297227287349842,0.060431554778474283,0.03713432749112444,-0.023297227287349842,0.3666666666666667,False,True,stage3_surrogate_diagnostic_only
direct_value_mlp,test,29,1417657,call_T200_s040_r010_q000,0.6097711896879795,0.5886725783348083,-0.02109861135317115,0.1097711896879795,0.08867257833480835,-0.02109861135317115,0.5,False,True,stage3_surrogate_diagnostic_only
direct_value_mlp,test,30,1418036,call_T200_s040_r010_q000,0.3912954112953735,0.36497795581817627,-0.026317455477197216,0.1579620779620401,0.13164462248484288,-0.026317455477197216,0.2333333333333334,False,True,stage3_surrogate_diagnostic_only
direct_value_mlp,test,31,1418767,call_T200_s040_r010_q000,0.4246274747180966,0.383590966463089,-0.0410365082550076,0.1912941413847632,0.1502576331297556,-0.0410365082550076,0.2333333333333334,False,True,stage3_surrogate_diagnostic_only
direct_value_mlp,test,32,1421660,call_T200_s040_r010_q003,0.6597926571465724,0.708119809627533,0.048327152480960534,0.026459323813239122,0.07478647629419966,0.048327152480960534,0.6333333333333333,False,True,stage3_surrogate_diagnostic_only
direct_value_mlp,test,33,1423152,call_T200_s040_r010_q003,0.3296133586163539,0.35683268308639526,0.027219324470041384,0.12961335861635392,0.1568326830863953,0.027219324470041384,0.19999999999999996,False,True,stage3_surrogate_diagnostic_only
direct_value_mlp,test,34,1438402,call_T200_s060_r001_q000,0.07821750544372409,0.1054183766245842,0.027200871180860106,0.07821750544372409,0.1054183766245842,0.027200871180860106,0.0,False,True,stage3_surrogate_diagnostic_only
direct_value_mlp,test,35,1439460,call_T200_s060_r001_q000,0.7038635375172861,0.6417680978775024,-0.0620954396397837,0.1371968708506195,0.07510143121083579,-0.0620954396397837,0.5666666666666667,False,True,stage3_surrogate_diagnostic_only
direct_value_mlp,test,36,1457423,call_T200_s060_r005_q000,0.25451375319464686,0.2621299624443054,0.0076162092496585565,0.05451375319464691,0.062129962444305464,0.0076162092496585565,0.19999999999999996,False,True,stage3_surrogate_diagnostic_only
direct_value_mlp,test,37,1459983,call_T200_s060_r005_q000,0.0491314023603894,0.10461204499006271,0.05548064262967331,0.0491314023603894,0.10461204499006271,0.05548064262967331,0.0,False,True,stage3_surrogate_diagnostic_only
direct_value_mlp,test,38,1460087,call_T200_s060_r005_q000,0.3792900605164822,0.3374597430229187,-0.041830317493563474,0.24595672718314887,0.2041264096895854,-0.041830317493563474,0.1333333333333333,False,True,stage3_surrogate_diagnostic_only
direct_value_mlp,test,39,1477922,call_T200_s060_r010_q000,0.010902203449467917,0.07007887214422226,0.05917666869475434,0.010902203449467917,0.07007887214422226,0.05917666869475434,0.0,False,True,stage3_surrogate_diagnostic_only
direct_value_mlp,stress_holdout,0,161641,put_T025_s060_r005_q010,0.4667244514477937,0.4384858012199402,-0.02823865022785349,5.778478112700158e-05,-0.02818086544672649,-0.02823865022785349,0.4666666666666667,True,False,stage3_surrogate_diagnostic_only
direct_value_mlp,stress_holdout,1,182440,put_T025_s060_r010_q010,2.542741862470146e-09,0.018520139157772064,0.018520136615030203,2.542741862470146e-09,0.018520139157772064,0.018520136615030203,0.0,False,True,stage3_surrogate_diagnostic_only
direct_value_mlp,stress_holdout,2,184379,put_T025_s060_r010_q010,0.0003928433965718598,0.06693606823682785,0.06654322484025599,0.0003928433965718598,0.06693606823682785,0.06654322484025599,0.0,False,True,stage3_surrogate_diagnostic_only
direct_value_mlp,stress_holdout,3,185142,put_T025_s060_r010_q010,0.01603430268976087,0.021647989749908447,0.005613687060147577,0.01603430268976087,0.021647989749908447,0.005613687060147577,0.0,False,True,stage3_surrogate_diagnostic_only
direct_value_mlp,stress_holdout,4,186820,put_T025_s060_r010_q010,0.026391429090974555,0.043356284499168396,0.01696485540819384,0.026391429090974555,0.043356284499168396,0.01696485540819384,0.0,False,True,stage3_surrogate_diagnostic_only
direct_value_mlp,stress_holdout,5,349942,put_T050_s060_r005_q010,0.3373431593313457,0.3409055471420288,0.003562387810683132,0.004009825998012306,0.007572213808695438,0.003562387810683132,0.33333333333333337,False,True,stage3_surrogate_diagnostic_only
direct_value_mlp,stress_holdout,6,351924,put_T050_s060_r005_q010,0.2510795213982981,0.27429449558258057,0.023214974184282477,0.05107952139829813,0.07429449558258061,0.023214974184282477,0.19999999999999996,False,True,stage3_surrogate_diagnostic_only
direct_value_mlp,stress_holdout,7,369891,put_T050_s060_r010_q010,0.43333333333333335,0.4229232668876648,-0.010410066445668553,0.0,-0.010410066445668553,-0.010410066445668553,0.43333333333333335,False,True,stage3_surrogate_diagnostic_only
direct_value_mlp,stress_holdout,8,373222,put_T050_s060_r010_q010,0.06771866470190166,0.06211622804403305,-0.005602436657868609,0.06771866470190166,0.06211622804403305,-0.005602436657868609,0.0,False,True,stage3_surrogate_diagnostic_only
direct_value_mlp,stress_holdout,9,374525,put_T050_s060_r010_q010,0.027860700156255504,0.063590407371521,0.03572970721526549,0.027860700156255504,0.063590407371521,0.03572970721526549,0.0,False,True,stage3_surrogate_diagnostic_only
direct_value_mlp,stress_holdout,10,517314,put_T100_s060_r001_q010,0.10010141891451545,0.08137044310569763,-0.018730975808817815,0.10010141891451545,0.08137044310569763,-0.018730975808817815,0.0,False,True,stage3_surrogate_diagnostic_only
direct_value_mlp,stress_holdout,11,517738,put_T100_s060_r001_q010,0.1877989230094934,0.17902705073356628,-0.008771872275927128,0.1877989230094934,0.17902705073356628,-0.008771872275927128,0.0,False,False,stage3_surrogate_diagnostic_only
direct_value_mlp,stress_holdout,12,518981,put_T100_s060_r001_q010,0.2928076190717825,0.2873819172382355,-0.005425701833547014,0.15947428573844918,0.15404858390490217,-0.005425701833547014,0.1333333333333333,False,True,stage3_surrogate_diagnostic_only
direct_value_mlp,stress_holdout,13,537309,put_T100_s060_r005_q010,0.06076526302966878,0.04818471893668175,-0.012580544092987034,0.06076526302966878,0.04818471893668175,-0.012580544092987034,0.0,False,True,stage3_surrogate_diagnostic_only
direct_value_mlp,stress_holdout,14,560052,put_T100_s060_r010_q010,0.15646634361787617,0.14297664165496826,-0.013489701962907913,0.15646634361787617,0.14297664165496826,-0.013489701962907913,0.0,False,False,stage3_surrogate_diagnostic_only
direct_value_mlp,stress_holdout,15,560542,put_T100_s060_r010_q010,0.054692432183743256,0.073499396443367,0.01880696425962375,0.054692432183743256,0.073499396443367,0.01880696425962375,0.0,False,True,stage3_surrogate_diagnostic_only
direct_value_mlp,stress_holdout,16,726110,put_T200_s060_r005_q010,0.34253285094997454,0.3135041892528534,-0.02902866169712115,0.1425328509499746,0.11350418925285344,-0.02902866169712115,0.19999999999999996,False,True,stage3_surrogate_diagnostic_only
direct_value_mlp,stress_holdout,17,746351,put_T200_s060_r010_q010,0.6,0.5711151361465454,-0.028884863853454568,0.0,-0.028884863853454568,-0.028884863853454568,0.6,True,False,stage3_surrogate_diagnostic_only
direct_value_mlp,stress_holdout,18,747119,put_T200_s060_r010_q010,0.09571164311523685,0.1083042100071907,0.012592566891953857,0.09571164311523685,0.1083042100071907,0.012592566891953857,0.0,False,True,stage3_surrogate_diagnostic_only
direct_value_mlp,stress_holdout,19,891762,call_T025_s060_r001_q010,0.3344700162988344,0.35567376017570496,0.021203743876870573,0.0011366829655011235,0.022340426842371697,0.021203743876870573,0.33333333333333326,True,False,stage3_surrogate_diagnostic_only
direct_value_mlp,stress_holdout,20,911103,call_T025_s060_r005_q010,0.05751482421322898,0.10931838303804398,0.051803558824814994,0.024181490879895767,0.07598504970471076,0.051803558824814994,0.033333333333333215,False,False,stage3_surrogate_diagnostic_only
direct_value_mlp,stress_holdout,21,912143,call_T025_s060_r005_q010,0.30185997167285084,0.31485408544540405,0.012994113772553217,0.001859971672850791,0.014854085445404008,0.012994113772553217,0.30000000000000004,False,True,stage3_surrogate_diagnostic_only
direct_value_mlp,stress_holdout,22,914987,call_T025_s060_r005_q010,0.5025083266600543,0.5112299919128418,0.008721665252787503,0.002508326660054294,0.011229991912841797,0.008721665252787503,0.5,False,True,stage3_surrogate_diagnostic_only
direct_value_mlp,stress_holdout,23,934148,call_T025_s060_r010_q010,0.054855913627686645,0.11525942385196686,0.06040351022428021,0.054855913627686645,0.11525942385196686,0.06040351022428021,0.0,False,False,stage3_surrogate_diagnostic_only
direct_value_mlp,stress_holdout,24,936527,call_T025_s060_r010_q010,0.41729214204104204,0.4375903606414795,0.020298218600437457,0.017292142041042124,0.03759036064147958,0.020298218600437457,0.3999999999999999,False,True,stage3_surrogate_diagnostic_only
direct_value_mlp,stress_holdout,25,1078626,call_T050_s060_r001_q010,0.03288822044247635,0.044238120317459106,0.011349899874982756,0.03288822044247635,0.044238120317459106,0.011349899874982756,0.0,False,True,stage3_surrogate_diagnostic_only
direct_value_mlp,stress_holdout,26,1098536,call_T050_s060_r005_q010,0.020602575129952724,0.04852839186787605,0.02792581673792333,0.020602575129952724,0.04852839186787605,0.02792581673792333,0.0,False,True,stage3_surrogate_diagnostic_only
direct_value_mlp,stress_holdout,27,1102363,call_T050_s060_r005_q010,0.09498913469428874,0.11723417788743973,0.022245043193150987,0.09498913469428874,0.11723417788743973,0.022245043193150987,0.0,False,True,stage3_surrogate_diagnostic_only
direct_value_mlp,stress_holdout,28,1119481,call_T050_s060_r010_q010,0.08546802344140024,0.12109580636024475,0.03562778291884451,0.052134690108067025,0.08776247302691154,0.03562778291884451,0.033333333333333215,False,False,stage3_surrogate_diagnostic_only
direct_value_mlp,stress_holdout,29,1286441,call_T100_s060_r005_q010,0.0180601070402239,0.02725798636674881,0.00919787932652491,0.0180601070402239,0.02725798636674881,0.00919787932652491,0.0,False,True,stage3_surrogate_diagnostic_only
direct_value_mlp,stress_holdout,30,1286779,call_T100_s060_r005_q010,0.002587193775663643,0.014083392918109894,0.011496199142446251,0.002587193775663643,0.014083392918109894,0.011496199142446251,0.0,False,True,stage3_surrogate_diagnostic_only
direct_value_mlp,stress_holdout,31,1306419,call_T100_s060_r010_q010,0.6000000000000001,0.5824350118637085,-0.017564988136291593,0.0,-0.017564988136291593,-0.017564988136291593,0.6000000000000001,False,True,stage3_surrogate_diagnostic_only
direct_value_mlp,stress_holdout,32,1307078,call_T100_s060_r010_q010,0.00460737252233738,0.02701287716627121,0.02240550464393383,0.00460737252233738,0.02701287716627121,0.02240550464393383,0.0,False,True,stage3_surrogate_diagnostic_only
direct_value_mlp,stress_holdout,33,1455403,call_T200_s060_r001_q010,0.3679081275253963,0.36540186405181885,-0.0025062634735774636,0.13457479419206292,0.13206853071848546,-0.0025062634735774636,0.2333333333333334,False,True,stage3_surrogate_diagnostic_only
direct_value_mlp,stress_holdout,34,1455565,call_T200_s060_r001_q010,0.17419669831310206,0.18851104378700256,0.014314345473900508,0.17419669831310206,0.18851104378700256,0.014314345473900508,0.0,False,True,stage3_surrogate_diagnostic_only
direct_value_mlp,stress_holdout,35,1455952,call_T200_s060_r001_q010,0.18141585205594804,0.19773060083389282,0.016314748777944782,0.18141585205594804,0.19773060083389282,0.016314748777944782,0.0,False,True,stage3_surrogate_diagnostic_only
direct_value_mlp,stress_holdout,36,1475779,call_T200_s060_r005_q010,0.24537196478062084,0.20845985412597656,-0.03691211065464428,0.21203863144728763,0.17512652079264335,-0.03691211065464428,0.033333333333333215,False,False,stage3_surrogate_diagnostic_only
direct_value_mlp,stress_holdout,37,1476106,call_T200_s060_r005_q010,0.02606772650976149,0.016174741089344025,-0.009892985420417465,0.02606772650976149,0.016174741089344025,-0.009892985420417465,0.0,False,True,stage3_surrogate_diagnostic_only
direct_value_mlp,stress_holdout,38,1495472,call_T200_s060_r010_q010,0.20445707482935088,0.15620987117290497,-0.048247203656445914,0.20445707482935088,0.15620987117290497,-0.048247203656445914,0.0,False,False,stage3_surrogate_diagnostic_only
direct_value_mlp,stress_holdout,39,1496787,call_T200_s060_r010_q010,0.01689105801819578,0.05662190541625023,0.03973084739805445,0.01689105801819578,0.05662190541625023,0.03973084739805445,0.0,False,True,stage3_surrogate_diagnostic_only
positive_premium_mlp,train,0,78069,put_T025_s040_r001_q010,0.0,0.001592965330928564,0.001592965330928564,0.0,0.001592965330928564,0.001592965330928564,0.0,False,False,stage3_surrogate_diagnostic_only
positive_premium_mlp,train,1,79423,put_T025_s040_r001_q010,0.5357676622085206,0.533520696896206,-0.0022469653123146083,0.0024343288751872416,0.00018736356287263334,-0.0022469653123146083,0.5333333333333333,False,True,stage3_surrogate_diagnostic_only
positive_premium_mlp,train,2,104361,put_T025_s040_r010_q000,0.6,0.6000181146715476,1.811467154766433e-05,0.0,1.811467154766433e-05,1.811467154766433e-05,0.6,False,True,stage3_surrogate_diagnostic_only
positive_premium_mlp,train,3,152869,put_T025_s060_r005_q003,0.4666666666666667,0.46756723394307,0.0009005672764033079,0.0,0.0009005672764033079,0.0009005672764033079,0.4666666666666667,False,True,stage3_surrogate_diagnostic_only
positive_premium_mlp,train,4,159956,put_T025_s060_r005_q006,0.0024870942868155084,0.0071290405467152596,0.004641946259899751,0.0024870942868155084,0.0071290405467152596,0.004641946259899751,0.0,False,True,stage3_surrogate_diagnostic_only
positive_premium_mlp,train,5,194916,put_T050_s020_r001_q003,1.0656044294303176e-09,0.00045888457680121064,0.0004588835111967812,1.0656044294303176e-09,0.00045888457680121064,0.0004588835111967812,0.0,False,True,stage3_surrogate_diagnostic_only
positive_premium_mlp,train,6,207871,put_T050_s020_r001_q010,0.328037826118197,0.3077364281751216,-0.020301397943075394,0.02803782611819694,0.007736428175121546,-0.020301397943075394,0.30000000000000004,False,True,stage3_surrogate_diagnostic_only
positive_premium_mlp,train,7,255142,put_T050_s040_r001_q003,4.690974131434613e-05,0.0041833254508674145,0.004136415709553068,4.690974131434613e-05,0.0041833254508674145,0.004136415709553068,0.0,False,True,stage3_surrogate_diagnostic_only
positive_premium_mlp,train,8,269127,put_T050_s040_r001_q010,0.007548221387598328,0.01155732199549675,0.0040091006078984215,0.007548221387598328,0.01155732199549675,0.0040091006078984215,0.0,False,True,stage3_surrogate_diagnostic_only
positive_premium_mlp,train,9,302391,put_T050_s040_r010_q006,0.10456500437136142,0.10599932810291646,0.00143432373155504,0.004565004371361439,0.005999328102916479,0.00143432373155504,0.09999999999999998,False,True,stage3_surrogate_diagnostic_only
positive_premium_mlp,train,10,404084,put_T100_s020_r005_q003,0.16922680020367303,0.18190869657943642,0.01268189637576339,0.0025601335370064038,0.015242029912769794,0.01268189637576339,0.16666666666666663,True,False,stage3_surrogate_diagnostic_only
positive_premium_mlp,train,11,423697,put_T100_s020_r010_q003,0.0403173711569665,0.01914723590016365,-0.02117013525680285,0.0403173711569665,0.01914723590016365,-0.02117013525680285,0.0,False,False,stage3_surrogate_diagnostic_only
positive_premium_mlp,train,12,460357,put_T100_s040_r005_q000,0.0016995733778050596,0.002826886484399438,0.0011273131065943783,0.0016995733778050596,0.002826886484399438,0.0011273131065943783,0.0,False,True,stage3_surrogate_diagnostic_only
positive_premium_mlp,train,13,488956,put_T100_s040_r010_q003,0.5,0.5015648932894692,0.0015648932894691825,0.0,0.0015648932894691825,0.0015648932894691825,0.5,False,True,stage3_surrogate_diagnostic_only
positive_premium_mlp,train,14,528450,put_T100_s060_r005_q003,0.1149320480545696,0.12243907898664474,0.007507030932075151,0.1149320480545696,0.12243907898664474,0.007507030932075151,0.0,False,True,stage3_surrogate_diagnostic_only
positive_premium_mlp,train,15,532684,put_T100_s060_r005_q006,0.6,0.6005253351991996,0.0005253351991996169,0.0,0.0005253351991996169,0.0005253351991996169,0.6,True,False,stage3_surrogate_diagnostic_only
positive_premium_mlp,train,16,572153,put_T200_s020_r001_q003,0.0063109486510081,0.013707203790545464,0.0073962551395373635,0.0063109486510081,0.013707203790545464,0.0073962551395373635,0.0,False,True,stage3_surrogate_diagnostic_only
positive_premium_mlp,train,17,574091,put_T200_s020_r001_q006,3.322803662462204e-05,0.002149831736460328,0.002116603699835706,3.322803662462204e-05,0.002149831736460328,0.002116603699835706,0.0,False,True,stage3_surrogate_diagnostic_only
positive_premium_mlp,train,18,587237,put_T200_s020_r005_q000,0.008886121944256734,0.022149188444018364,0.01326306649976163,0.008886121944256734,0.022149188444018364,0.01326306649976163,0.0,False,True,stage3_surrogate_diagnostic_only
positive_premium_mlp,train,19,588526,put_T200_s020_r005_q003,3.3021154610435235e-05,0.0033436708617955446,0.0033106497071851092,3.3021154610435235e-05,0.0033436708617955446,0.0033106497071851092,0.0,False,True,stage3_surrogate_diagnostic_only
positive_premium_mlp,train,20,603527,put_T200_s020_r005_q010,0.09179460761354236,0.09851717948913574,0.006722571875593386,0.09179460761354236,0.09851717948913574,0.006722571875593386,0.0,False,True,stage3_surrogate_diagnostic_only
positive_premium_mlp,train,21,607016,put_T200_s020_r010_q000,0.003892647415729995,0.017787214368581772,0.013894566952851777,0.003892647415729995,0.017787214368581772,0.013894566952851777,0.0,False,True,stage3_surrogate_diagnostic_only
positive_premium_mlp,train,22,628645,put_T200_s040_r001_q000,0.09925022587928471,0.10988473892211914,0.010634513042834429,0.09925022587928471,0.10988473892211914,0.010634513042834429,0.0,False,True,stage3_surrogate_diagnostic_only
positive_premium_mlp,train,23,641753,put_T200_s040_r001_q010,0.11613040901190526,0.1318105161190033,0.015680107107098037,0.11613040901190526,0.1318105161190033,0.015680107107098037,0.0,False,True,stage3_surrogate_diagnostic_only
positive_premium_mlp,train,24,648042,put_T200_s040_r005_q000,0.03825214685004409,0.037312690168619156,-0.0009394566814249355,0.03825214685004409,0.037312690168619156,-0.0009394566814249355,0.0,False,True,stage3_surrogate_diagnostic_only
positive_premium_mlp,train,25,732349,put_T200_s060_r010_q000,0.24677542408916303,0.26076957980791726,0.013994155718754231,0.18010875742249638,0.1941029131412506,0.013994155718754231,0.06666666666666665,False,False,stage3_surrogate_diagnostic_only
positive_premium_mlp,train,26,767555,call_T025_s020_r001_q010,7.910692111031135e-13,0.0010716995457187295,0.0010716995449276602,7.910692111031135e-13,0.0010716995457187295,0.0010716995449276602,0.0,False,True,stage3_surrogate_diagnostic_only
positive_premium_mlp,train,27,821630,call_T025_s040_r001_q003,0.3683832840968684,0.37270694176356,0.004323657666691627,0.0017166174302016834,0.0060402750968933105,0.004323657666691627,0.3666666666666667,False,True,stage3_surrogate_diagnostic_only
positive_premium_mlp,train,28,886098,call_T025_s060_r001_q006,0.7333333333333334,0.7336458010210967,0.0003124676877632737,0.0,0.0003124676877632737,0.0003124676877632737,0.7333333333333334,False,True,stage3_surrogate_diagnostic_only
positive_premium_mlp,train,29,1014982,call_T050_s040_r001_q010,1.715644691348336e-06,0.003200399922206998,0.0031986842775156496,1.715644691348336e-06,0.003200399922206998,0.0031986842775156496,0.0,False,True,stage3_surrogate_diagnostic_only
positive_premium_mlp,train,30,1067743,call_T050_s060_r001_q003,0.004063703183847206,0.010314179584383965,0.006250476400536759,0.004063703183847206,0.010314179584383965,0.006250476400536759,0.0,False,True,stage3_surrogate_diagnostic_only
positive_premium_mlp,train,31,1070111,call_T050_s060_r001_q003,0.058064809029254226,0.06285415589809418,0.004789346868839951,0.058064809029254226,0.06285415589809418,0.004789346868839951,0.0,False,True,stage3_surrogate_diagnostic_only
positive_premium_mlp,train,32,1180302,call_T100_s020_r010_q006,0.6693454873331242,0.671852857961009,0.002507370627884864,0.0026788206664574155,0.0051861912943422794,0.002507370627884864,0.6666666666666667,False,True,stage3_surrogate_diagnostic_only
positive_premium_mlp,train,33,1220083,call_T100_s040_r005_q006,8.169372093250496e-05,0.0005918287788517773,0.0005101350579192723,8.169372093250496e-05,0.0005918287788517773,0.0005101350579192723,0.0,False,True,stage3_surrogate_diagnostic_only
positive_premium_mlp,train,34,1239058,call_T100_s040_r010_q006,0.007935299120406268,0.01607951708137989,0.008144217960973622,0.007935299120406268,0.01607951708137989,0.008144217960973622,0.0,False,True,stage3_surrogate_diagnostic_only
positive_premium_mlp,train,35,1257570,call_T100_s060_r001_q003,0.6139920862941178,0.6114929283658663,-0.0024991579282515053,0.04732541962745118,0.044826261699199677,-0.0024991579282515053,0.5666666666666667,False,True,stage3_surrogate_diagnostic_only
positive_premium_mlp,train,36,1325538,call_T200_s020_r001_q006,0.10543016066938166,0.1085587146381537,0.003128553968772041,0.038763494002715004,0.041892047971487045,0.003128553968772041,0.06666666666666665,False,False,stage3_surrogate_diagnostic_only
positive_premium_mlp,train,37,1343183,call_T200_s020_r005_q006,0.5666666666666667,0.5674467477520617,0.0007800810853950679,0.0,0.0007800810853950679,0.0007800810853950679,0.5666666666666667,False,True,stage3_surrogate_diagnostic_only
positive_premium_mlp,train,38,1404004,call_T200_s040_r005_q003,0.09054338428453068,0.08592914789915085,-0.004614236385379833,0.09054338428453068,0.08592914789915085,-0.004614236385379833,0.0,False,True,stage3_surrogate_diagnostic_only
positive_premium_mlp,train,39,1449452,call_T200_s060_r001_q006,0.0701964160614267,0.0702529326081276,5.651654670089934e-05,0.0701964160614267,0.0702529326081276,5.651654670089934e-05,0.0,False,True,stage3_surrogate_diagnostic_only
positive_premium_mlp,validation,0,210784,put_T050_s020_r005_q000,5.319920723887328e-10,0.0005301944329403341,0.0005301939009482617,5.319920723887328e-10,0.0005301944329403341,0.0005301939009482617,0.0,False,True,stage3_surrogate_diagnostic_only
positive_premium_mlp,validation,1,213778,put_T050_s020_r005_q003,9.625767224332402e-08,0.0015018177218735218,0.0015017214642012785,9.625767224332402e-08,0.0015018177218735218,0.0015017214642012785,0.0,False,True,stage3_surrogate_diagnostic_only
positive_premium_mlp,validation,2,215325,put_T050_s020_r005_q003,0.0005967711798751279,0.005228058900684118,0.00463128772080899,0.0005967711798751279,0.005228058900684118,0.00463128772080899,0.0,False,True,stage3_surrogate_diagnostic_only
positive_premium_mlp,validation,3,218570,put_T050_s020_r005_q006,0.5666666666666667,0.5666933694020069,2.6702735340222716e-05,0.0,2.6702735340222716e-05,2.6702735340222716e-05,0.5666666666666667,False,True,stage3_surrogate_diagnostic_only
positive_premium_mlp,validation,4,219547,put_T050_s020_r005_q006,5.621697019552719e-10,0.0010064904345199466,0.0010064898723502447,5.621697019552719e-10,0.0010064904345199466,0.0010064898723502447,0.0,False,True,stage3_surrogate_diagnostic_only
positive_premium_mlp,validation,5,219569,put_T050_s020_r005_q006,0.2333333333333334,0.2348012833933657,0.001467950060032308,0.0,0.001467950060032308,0.001467950060032308,0.2333333333333334,True,False,stage3_surrogate_diagnostic_only
positive_premium_mlp,validation,6,219805,put_T050_s020_r005_q006,6.088691110724512e-09,0.0011405113618820906,0.0011405052731909798,6.088691110724512e-09,0.0011405113618820906,0.0011405052731909798,0.0,False,True,stage3_surrogate_diagnostic_only
positive_premium_mlp,validation,7,223140,put_T050_s020_r005_q006,0.17147085539595397,0.17995473804573214,0.008483882649778174,0.00480418872928734,0.013288071379065514,0.008483882649778174,0.16666666666666663,False,True,stage3_surrogate_diagnostic_only
positive_premium_mlp,validation,8,223182,put_T050_s020_r005_q006,0.2021306144190033,0.20984983891248699,0.007719224493483695,0.002130614419003335,0.00984983891248703,0.007719224493483695,0.19999999999999996,True,False,stage3_surrogate_diagnostic_only
positive_premium_mlp,validation,9,226641,put_T050_s020_r005_q010,2.37232028775268e-05,0.002901551080867648,0.0028778278779901215,2.37232028775268e-05,0.002901551080867648,0.0028778278779901215,0.0,False,True,stage3_surrogate_diagnostic_only
positive_premium_mlp,validation,10,228055,put_T050_s020_r005_q010,0.0027935981672504856,0.011532829143106937,0.008739230975856452,0.0027935981672504856,0.011532829143106937,0.008739230975856452,0.0,False,True,stage3_surrogate_diagnostic_only
positive_premium_mlp,validation,11,271105,put_T050_s040_r005_q000,2.0732639484166417e-07,0.0015408869367092848,0.0015406796103144432,2.0732639484166417e-07,0.0015408869367092848,0.0015406796103144432,0.0,False,True,stage3_surrogate_diagnostic_only
positive_premium_mlp,validation,12,271366,put_T050_s040_r005_q000,4.587119571627792e-07,0.0013183093396946788,0.001317850627737516,4.587119571627792e-07,0.0013183093396946788,0.001317850627737516,0.0,False,True,stage3_surrogate_diagnostic_only
positive_premium_mlp,validation,13,274218,put_T050_s040_r005_q000,0.3666666666666667,0.36947211387256784,0.002805447205901146,0.0,0.002805447205901146,0.002805447205901146,0.3666666666666667,True,False,stage3_surrogate_diagnostic_only
positive_premium_mlp,validation,14,282032,put_T050_s040_r005_q006,1.5484571164379825e-06,0.000996809103526175,0.0009952606464097371,1.5484571164379825e-06,0.000996809103526175,0.0009952606464097371,0.0,False,True,stage3_surrogate_diagnostic_only
positive_premium_mlp,validation,15,284163,put_T050_s040_r005_q006,0.07416579540698798,0.06386350095272064,-0.010302294454267336,0.07416579540698798,0.06386350095272064,-0.010302294454267336,0.0,False,False,stage3_surrogate_diagnostic_only
positive_premium_mlp,validation,16,286671,put_T050_s040_r005_q010,1.3397813339162705e-07,0.0012918926076963544,0.0012917586295629628,1.3397813339162705e-07,0.0012918926076963544,0.0012917586295629628,0.0,False,True,stage3_surrogate_diagnostic_only
positive_premium_mlp,validation,17,287940,put_T050_s040_r005_q010,0.21030819944719062,0.21443846058100458,0.004130261133813956,0.010308199447190664,0.01443846058100462,0.004130261133813956,0.19999999999999996,False,True,stage3_surrogate_diagnostic_only
positive_premium_mlp,validation,18,288360,put_T050_s040_r005_q010,0.5333789518951827,0.533775397700568,0.000396445805385337,4.5618561849369854e-05,0.0004420643672347069,0.000396445805385337,0.5333333333333333,True,False,stage3_surrogate_diagnostic_only
positive_premium_mlp,validation,19,335532,put_T050_s060_r005_q000,0.5,0.5011002691462636,0.0011002691462635994,0.0,0.0011002691462635994,0.0011002691462635994,0.5,False,True,stage3_surrogate_diagnostic_only
positive_premium_mlp,validation,20,339671,put_T050_s060_r005_q003,0.16431826249887205,0.1618725085010131,-0.002445753997858957,0.030984929165538744,0.028539175167679787,-0.002445753997858957,0.1333333333333333,False,True,stage3_surrogate_diagnostic_only
positive_premium_mlp,validation,21,340204,put_T050_s060_r005_q003,0.011741467149195378,0.014905096031725407,0.003163628882530028,0.011741467149195378,0.014905096031725407,0.003163628882530028,0.0,False,True,stage3_surrogate_diagnostic_only
positive_premium_mlp,validation,22,346583,put_T050_s060_r005_q006,0.5001498797804657,0.5020805059466511,0.0019306261661854451,0.00014987978046565598,0.002080505946651101,0.0019306261661854451,0.5,True,False,stage3_surrogate_diagnostic_only
positive_premium_mlp,validation,23,963454,call_T050_s020_r005_q003,0.7000106363508376,0.7000807468313723,7.011048053473523e-05,1.0636350837645026e-05,8.074683137238026e-05,7.011048053473523e-05,0.7,True,False,stage3_surrogate_diagnostic_only
positive_premium_mlp,validation,24,964397,call_T050_s020_r005_q003,0.600394632519311,0.6004170511674602,2.2418648149225007e-05,0.00039463251931093346,0.00041705116746015847,2.2418648149225007e-05,0.6000000000000001,False,True,stage3_surrogate_diagnostic_only
positive_premium_mlp,validation,25,965539,call_T050_s020_r005_q003,0.02882077688985007,0.02176450379192829,-0.00705627309792178,0.02882077688985007,0.02176450379192829,-0.00705627309792178,0.0,False,False,stage3_surrogate_diagnostic_only
positive_premium_mlp,validation,26,969465,call_T050_s020_r005_q006,0.3999999999999999,0.40073287618579334,0.0007328761857934296,0.0,0.0007328761857934296,0.0007328761857934296,0.3999999999999999,False,True,stage3_surrogate_diagnostic_only
positive_premium_mlp,validation,27,1027477,call_T050_s040_r005_q003,0.5684339881689079,0.5705031792322794,0.002069191063371556,0.001767321502241237,0.003836512565612793,0.002069191063371556,0.5666666666666667,False,True,stage3_surrogate_diagnostic_only
positive_premium_mlp,validation,28,1028300,call_T050_s040_r005_q003,0.7674124002136139,0.7692213259326914,0.0018089257190775365,0.0007457335469472914,0.002554659266024828,0.0018089257190775365,0.7666666666666666,False,True,stage3_surrogate_diagnostic_only
positive_premium_mlp,validation,29,1033186,call_T050_s040_r005_q006,0.24959222382826118,0.2516118687887987,0.0020196449605375255,0.01625889049492779,0.018278535455465317,0.0020196449605375255,0.2333333333333334,False,True,stage3_surrogate_diagnostic_only
positive_premium_mlp,validation,30,1033289,call_T050_s040_r005_q006,0.8,0.8008234053384513,0.0008234053384512663,0.0,0.0008234053384512663,0.0008234053384512663,0.8,False,True,stage3_surrogate_diagnostic_only
positive_premium_mlp,validation,31,1034063,call_T050_s040_r005_q006,0.8,0.8015279842773453,0.0015279842773452401,0.0,0.0015279842773452401,0.0015279842773452401,0.8,False,True,stage3_surrogate_diagnostic_only
positive_premium_mlp,validation,32,1035767,call_T050_s040_r005_q010,0.2666666666666666,0.2672772717235299,0.0006106050568632782,0.0,0.0006106050568632782,0.0006106050568632782,0.2666666666666666,False,True,stage3_surrogate_diagnostic_only
positive_premium_mlp,validation,33,1037030,call_T050_s040_r005_q010,0.8,0.8000825999886729,8.259998867288232e-05,0.0,8.259998867288232e-05,8.259998867288232e-05,0.8,False,True,stage3_surrogate_diagnostic_only
positive_premium_mlp,validation,34,1037911,call_T050_s040_r005_q010,0.11077975158679293,0.10576147238413491,-0.005018279202658016,0.04411308492012628,0.03909480571746826,-0.005018279202658016,0.06666666666666665,False,False,stage3_surrogate_diagnostic_only
positive_premium_mlp,validation,35,1039309,call_T050_s040_r005_q010,0.8,0.8006812966894359,0.0006812966894358397,0.0,0.0006812966894358397,0.0006812966894358397,0.8,False,True,stage3_surrogate_diagnostic_only
positive_premium_mlp,validation,36,1090591,call_T050_s060_r005_q003,0.2930272909774739,0.3005511601765951,0.007523869199121236,0.05969395764414048,0.06721782684326172,0.007523869199121236,0.2333333333333334,False,True,stage3_surrogate_diagnostic_only
positive_premium_mlp,validation,37,1094569,call_T050_s060_r005_q006,0.00048148408415779305,0.0020399505738168955,0.0015584664896591024,0.00048148408415779305,0.0020399505738168955,0.0015584664896591024,0.0,False,True,stage3_surrogate_diagnostic_only
positive_premium_mlp,validation,38,1096142,call_T050_s060_r005_q006,0.40045726459934516,0.39481858673195047,-0.0056386778673946925,0.03379059793267847,0.028151920065283775,-0.0056386778673946925,0.3666666666666667,False,True,stage3_surrogate_diagnostic_only
positive_premium_mlp,validation,39,1096237,call_T050_s060_r005_q006,0.6737698892756198,0.6756801797697942,0.0019102904941744603,0.007103222608953019,0.00901351310312748,0.0019102904941744603,0.6666666666666667,False,True,stage3_surrogate_diagnostic_only
positive_premium_mlp,test,0,679195,put_T200_s040_r010_q006,0.28520933628316647,0.2948927740255992,0.009683437742432743,0.018542669616499752,0.028226107358932495,0.009683437742432743,0.2666666666666667,False,True,stage3_surrogate_diagnostic_only
positive_premium_mlp,test,1,752145,call_T025_s020_r001_q000,0.4680615452181397,0.4676968523922065,-0.0003646928259332105,0.0013948785514731332,0.0010301857255399227,-0.0003646928259332105,0.46666666666666656,False,True,stage3_surrogate_diagnostic_only
positive_premium_mlp,test,2,772780,call_T025_s020_r005_q000,0.3065452234679824,0.3043877526186407,-0.0021574708493417027,0.006545223467982364,0.004387752618640661,-0.0021574708493417027,0.30000000000000004,False,True,stage3_surrogate_diagnostic_only
positive_premium_mlp,test,3,791491,call_T025_s020_r010_q000,0.5029124173045071,0.5004117354110349,-0.0025006818934721897,0.0029124173045070867,0.00041173541103489697,-0.0025006818934721897,0.5,False,True,stage3_surrogate_diagnostic_only
positive_premium_mlp,test,4,792336,call_T025_s020_r010_q000,0.023718429162760193,0.014205645769834518,-0.009512783392925675,0.023718429162760193,0.014205645769834518,-0.009512783392925675,0.0,False,False,stage3_surrogate_diagnostic_only
positive_premium_mlp,test,5,833675,call_T025_s040_r005_q000,0.5361420722719447,0.5343996418019135,-0.0017424304700311977,0.0028087389386114436,0.001066308468580246,-0.0017424304700311977,0.5333333333333332,False,True,stage3_surrogate_diagnostic_only
positive_premium_mlp,test,6,834423,call_T025_s040_r005_q000,2.1157475874047132e-05,0.0026549813337624073,0.00263382385788836,2.1157475874047132e-05,0.0026549813337624073,0.00263382385788836,0.0,False,True,stage3_surrogate_diagnostic_only
positive_premium_mlp,test,7,835039,call_T025_s040_r005_q000,0.1532363431070612,0.1594715514530738,0.0062352083460125995,0.019903009773727887,0.026138218119740486,0.0062352083460125995,0.1333333333333333,False,True,stage3_surrogate_diagnostic_only
positive_premium_mlp,test,8,853926,call_T025_s040_r010_q000,0.4695790876017091,0.46865821128400653,-0.0009208763177025459,0.0029124209350425145,0.0019915446173399687,-0.0009208763177025459,0.46666666666666656,False,True,stage3_surrogate_diagnostic_only
positive_premium_mlp,test,9,857447,call_T025_s040_r010_q000,0.32469146135067367,0.3323663577437401,0.007674896393066455,0.024691461350673627,0.03236635774374008,0.007674896393066455,0.30000000000000004,False,True,stage3_surrogate_diagnostic_only
positive_premium_mlp,test,10,877887,call_T025_s060_r001_q000,0.8030345600195462,0.8050043654628098,0.001969805443263639,0.003034560019546162,0.005004365462809801,0.001969805443263639,0.8,False,True,stage3_surrogate_diagnostic_only
positive_premium_mlp,test,11,900070,call_T025_s060_r005_q000,0.6528037962313865,0.6505410527189572,-0.002262743512429277,0.01947046289805321,0.017207719385623932,-0.002262743512429277,0.6333333333333333,False,True,stage3_surrogate_diagnostic_only
positive_premium_mlp,test,12,961870,call_T050_s020_r005_q000,3.318388345242597e-08,0.0005875677452422678,0.0005875345613588155,3.318388345242597e-08,0.0005875677452422678,0.0005875345613588155,0.0,False,True,stage3_surrogate_diagnostic_only
positive_premium_mlp,test,13,978776,call_T050_s020_r010_q000,6.620054982926152e-09,0.002921953098848462,0.002921946478793479,6.620054982926152e-09,0.002921953098848462,0.002921946478793479,0.0,False,True,stage3_surrogate_diagnostic_only
positive_premium_mlp,test,14,981091,call_T050_s020_r010_q000,7.104191970293084e-10,0.0003857922274619341,0.00038579151704273704,7.104191970293084e-10,0.0003857922274619341,0.00038579151704273704,0.0,False,True,stage3_surrogate_diagnostic_only
positive_premium_mlp,test,15,982620,call_T050_s020_r010_q000,0.3424928747342962,0.32535597980022435,-0.017136894934071834,0.04249287473429614,0.025355979800224304,-0.017136894934071834,0.30000000000000004,False,True,stage3_surrogate_diagnostic_only
positive_premium_mlp,test,16,983206,call_T050_s020_r010_q000,0.003154576234920067,0.01331312209367752,0.010158545858757454,0.003154576234920067,0.01331312209367752,0.010158545858757454,0.0,False,True,stage3_surrogate_diagnostic_only
positive_premium_mlp,test,17,1020308,call_T050_s040_r005_q000,5.757339362620267e-11,0.0006601638742722571,0.0006601638166988634,5.757339362620267e-11,0.0006601638742722571,0.0006601638166988634,0.0,False,True,stage3_surrogate_diagnostic_only
positive_premium_mlp,test,18,1020911,call_T050_s040_r005_q000,6.260969929728481e-07,0.0011422901879996061,0.0011416640910066334,6.260969929728481e-07,0.0011422901879996061,0.0011416640910066334,0.0,False,True,stage3_surrogate_diagnostic_only
positive_premium_mlp,test,19,1022584,call_T050_s040_r005_q000,2.0352702977858153e-06,0.00035305286291986704,0.0003510175926220812,2.0352702977858153e-06,0.00035305286291986704,0.0003510175926220812,0.0,False,True,stage3_surrogate_diagnostic_only
positive_premium_mlp,test,20,1064560,call_T050_s060_r001_q000,0.019924731332640548,0.018496744334697723,-0.0014279869979428247,0.019924731332640548,0.018496744334697723,-0.0014279869979428247,0.0,False,True,stage3_surrogate_diagnostic_only
positive_premium_mlp,test,21,1083816,call_T050_s060_r005_q000,1.096956929919113e-05,0.000705752638168633,0.0006947830688694419,1.096956929919113e-05,0.000705752638168633,0.0006947830688694419,0.0,False,True,stage3_surrogate_diagnostic_only
positive_premium_mlp,test,22,1103274,call_T050_s060_r010_q000,0.17005634346947646,0.18506749595204997,0.015011152482573509,0.0033896768028097157,0.018400829285383224,0.015011152482573509,0.16666666666666674,False,True,stage3_surrogate_diagnostic_only
positive_premium_mlp,test,23,1124699,call_T100_s020_r001_q000,0.534915420789952,0.5336416945288267,-0.0012737262611253186,0.0015820874566188081,0.0003083611954934895,-0.0012737262611253186,0.5333333333333332,False,True,stage3_surrogate_diagnostic_only
positive_premium_mlp,test,24,1209264,call_T100_s040_r005_q000,0.1120928516936225,0.09744928777217865,-0.01464356392144385,0.1120928516936225,0.09744928777217865,-0.01464356392144385,0.0,False,False,stage3_surrogate_diagnostic_only
positive_premium_mlp,test,25,1209960,call_T100_s040_r005_q000,0.327183437366399,0.34064695338408146,0.013463516017682475,0.06051677069973238,0.07398028671741486,0.013463516017682475,0.2666666666666666,False,True,stage3_surrogate_diagnostic_only
positive_premium_mlp,test,26,1228812,call_T100_s040_r010_q000,5.732987923511177e-08,0.0005100899725221097,0.0005100326426428747,5.732987923511177e-08,0.0005100899725221097,0.0005100326426428747,0.0,False,True,stage3_surrogate_diagnostic_only
positive_premium_mlp,test,27,1269845,call_T100_s060_r005_q000,0.003574782546335075,0.018261972814798355,0.01468719026846328,0.003574782546335075,0.018261972814798355,0.01468719026846328,0.0,False,True,stage3_surrogate_diagnostic_only
positive_premium_mlp,test,28,1270369,call_T100_s060_r005_q000,0.13933635408742392,0.12988439599672952,-0.009451958090694407,0.07266968742075727,0.06321772933006287,-0.009451958090694407,0.06666666666666665,False,False,stage3_surrogate_diagnostic_only
positive_premium_mlp,test,29,1273906,call_T100_s060_r005_q000,0.5601501424039168,0.5495393310983976,-0.010610811305519219,0.12681680907058346,0.11620599776506424,-0.010610811305519219,0.43333333333333335,False,True,stage3_surrogate_diagnostic_only
positive_premium_mlp,test,30,1312714,call_T200_s020_r001_q000,0.0012576817892917694,0.006156516261398792,0.004898834472107023,0.0012576817892917694,0.006156516261398792,0.004898834472107023,0.0,False,True,stage3_surrogate_diagnostic_only
positive_premium_mlp,test,31,1315202,call_T200_s020_r001_q000,0.0004403322193607789,0.003678740467876196,0.003238408248515417,0.0004403322193607789,0.003678740467876196,0.003238408248515417,0.0,False,True,stage3_surrogate_diagnostic_only
positive_premium_mlp,test,32,1332977,call_T200_s020_r005_q000,0.10414045784064876,0.09131176794568696,-0.012828689894961803,0.03747379117398211,0.02464510127902031,-0.012828689894961803,0.06666666666666665,False,False,stage3_surrogate_diagnostic_only
positive_premium_mlp,test,33,1420302,call_T200_s040_r010_q000,0.16845368286520715,0.17431040108203888,0.00585671821683173,0.16845368286520715,0.17431040108203888,0.00585671821683173,0.0,False,True,stage3_surrogate_diagnostic_only
positive_premium_mlp,test,34,1420722,call_T200_s040_r010_q003,1.168152644737201e-08,0.0009550534305162728,0.0009550417489898255,1.168152644737201e-08,0.0009550534305162728,0.0009550417489898255,0.0,False,True,stage3_surrogate_diagnostic_only
positive_premium_mlp,test,35,1424258,call_T200_s040_r010_q003,0.11258846998024384,0.10401459038257599,-0.008573879597667852,0.11258846998024384,0.10401459038257599,-0.008573879597667852,0.0,False,True,stage3_surrogate_diagnostic_only
positive_premium_mlp,test,36,1432562,call_T200_s040_r010_q010,0.1057653339687401,0.09920473396778107,-0.006560600000959038,0.1057653339687401,0.09920473396778107,-0.006560600000959038,0.0,False,False,stage3_surrogate_diagnostic_only
positive_premium_mlp,test,37,1437970,call_T200_s060_r001_q000,0.0431705185806648,0.04064814746379852,-0.002522371116866276,0.0431705185806648,0.04064814746379852,-0.002522371116866276,0.0,False,True,stage3_surrogate_diagnostic_only
positive_premium_mlp,test,38,1438143,call_T200_s060_r001_q000,0.058265442021246845,0.057843077927827835,-0.0004223640934190101,0.058265442021246845,0.057843077927827835,-0.0004223640934190101,0.0,False,True,stage3_surrogate_diagnostic_only
positive_premium_mlp,test,39,1480238,call_T200_s060_r010_q000,0.06314387047438089,0.04327927157282829,-0.019864598901552594,0.06314387047438089,0.04327927157282829,-0.019864598901552594,0.0,False,True,stage3_surrogate_diagnostic_only
positive_premium_mlp,stress_holdout,0,140588,put_T025_s060_r001_q010,0.0001561011716457955,0.006288023665547371,0.006131922493901576,0.0001561011716457955,0.006288023665547371,0.006131922493901576,0.0,False,True,stage3_surrogate_diagnostic_only
positive_premium_mlp,stress_holdout,1,144587,put_T025_s060_r001_q010,0.07443211974636632,0.08579400926828384,0.011361889521917523,0.07443211974636632,0.08579400926828384,0.011361889521917523,0.0,False,True,stage3_surrogate_diagnostic_only
positive_premium_mlp,stress_holdout,2,161519,put_T025_s060_r005_q010,0.2336118730243926,0.23510952660193052,0.0014976535775379218,0.0002785396910592042,0.001776193268597126,0.0014976535775379218,0.2333333333333334,False,True,stage3_surrogate_diagnostic_only
positive_premium_mlp,stress_holdout,3,185835,put_T025_s060_r010_q010,0.00863606479480718,0.02000117115676403,0.01136510636195685,0.00863606479480718,0.02000117115676403,0.01136510636195685,0.0,False,True,stage3_surrogate_diagnostic_only
positive_premium_mlp,stress_holdout,4,186041,put_T025_s060_r010_q010,0.04720953537588479,0.05899360403418541,0.011784068658300617,0.04720953537588479,0.05899360403418541,0.011784068658300617,0.0,False,True,stage3_surrogate_diagnostic_only
positive_premium_mlp,stress_holdout,5,186463,put_T025_s060_r010_q010,0.15873017307872175,0.15745683237910268,-0.0012733406996190688,0.058730173078721776,0.05745683237910271,-0.0012733406996190688,0.09999999999999998,False,True,stage3_surrogate_diagnostic_only
positive_premium_mlp,stress_holdout,6,331909,put_T050_s060_r001_q010,0.031640820776749456,0.03252825886011124,0.0008874380833617801,0.031640820776749456,0.03252825886011124,0.0008874380833617801,0.0,False,True,stage3_surrogate_diagnostic_only
positive_premium_mlp,stress_holdout,7,369635,put_T050_s060_r010_q010,0.3666666666666667,0.36722445135625703,0.0005577846895903349,0.0,0.0005577846895903349,0.0005577846895903349,0.3666666666666667,False,True,stage3_surrogate_diagnostic_only
positive_premium_mlp,stress_holdout,8,370781,put_T050_s060_r010_q010,0.0018124932037364657,0.005888029467314482,0.0040755362635780164,0.0018124932037364657,0.005888029467314482,0.0040755362635780164,0.0,False,True,stage3_surrogate_diagnostic_only
positive_premium_mlp,stress_holdout,9,370821,put_T050_s060_r010_q010,0.004235662652382326,0.00905617792159319,0.004820515269210863,0.004235662652382326,0.00905617792159319,0.004820515269210863,0.0,False,True,stage3_surrogate_diagnostic_only
positive_premium_mlp,stress_holdout,10,372770,put_T050_s060_r010_q010,0.5,0.5014297052985057,0.0014297052985057235,0.0,0.0014297052985057235,0.0014297052985057235,0.5,True,False,stage3_surrogate_diagnostic_only
positive_premium_mlp,stress_holdout,11,372799,put_T050_s060_r010_q010,0.026244380093803883,0.030676651746034622,0.00443227165223074,0.026244380093803883,0.030676651746034622,0.00443227165223074,0.0,False,True,stage3_surrogate_diagnostic_only
positive_premium_mlp,stress_holdout,12,373981,put_T050_s060_r010_q010,0.3005574003012935,0.29140488716463253,-0.009152513136660989,0.0338907336346268,0.024738220497965813,-0.009152513136660989,0.2666666666666667,False,True,stage3_surrogate_diagnostic_only
positive_premium_mlp,stress_holdout,13,516780,put_T100_s060_r001_q010,0.42220449964543,0.40879053678363564,-0.01341396286179436,0.022204499645429976,0.008790536783635616,-0.01341396286179436,0.4,False,True,stage3_surrogate_diagnostic_only
positive_premium_mlp,stress_holdout,14,539922,put_T100_s060_r005_q010,0.27472086459987544,0.26229979892571764,-0.012421065674157794,0.14138753126654213,0.12896646559238434,-0.012421065674157794,0.1333333333333333,False,True,stage3_surrogate_diagnostic_only
positive_premium_mlp,stress_holdout,15,557015,put_T100_s060_r010_q010,1.504548786701444e-05,0.004352247808128595,0.004337202320261581,1.504548786701444e-05,0.004352247808128595,0.004337202320261581,0.0,False,True,stage3_surrogate_diagnostic_only
positive_premium_mlp,stress_holdout,16,560276,put_T100_s060_r010_q010,0.08638457521702561,0.0883801206946373,0.0019955454776116877,0.08638457521702561,0.0883801206946373,0.0019955454776116877,0.0,False,True,stage3_surrogate_diagnostic_only
positive_premium_mlp,stress_holdout,17,702583,put_T200_s060_r001_q010,0.40334342302381415,0.40487007992342117,0.0015266568996070151,0.0033434230238141294,0.0048700799234211445,0.0015266568996070151,0.4,False,True,stage3_surrogate_diagnostic_only
positive_premium_mlp,stress_holdout,18,703398,put_T200_s060_r001_q010,0.48677106421038147,0.4725394317569832,-0.014231632453398257,0.02010439754371479,0.005872765090316534,-0.014231632453398257,0.4666666666666667,False,True,stage3_surrogate_diagnostic_only
positive_premium_mlp,stress_holdout,19,725394,put_T200_s060_r005_q010,0.13226840627542036,0.13341024518013,0.0011418389047096467,0.13226840627542036,0.13341024518013,0.0011418389047096467,0.0,False,True,stage3_surrogate_diagnostic_only
positive_premium_mlp,stress_holdout,20,727643,put_T200_s060_r005_q010,0.14809668155966568,0.13632267713546753,-0.011774004424198153,0.14809668155966568,0.13632267713546753,-0.011774004424198153,0.0,False,True,stage3_surrogate_diagnostic_only
positive_premium_mlp,stress_holdout,21,728159,put_T200_s060_r005_q010,0.16483110524727965,0.14704233407974243,-0.017788771167537215,0.16483110524727965,0.14704233407974243,-0.017788771167537215,0.0,False,True,stage3_surrogate_diagnostic_only
positive_premium_mlp,stress_holdout,22,748885,put_T200_s060_r010_q010,0.13203314528851262,0.13283014297485352,0.0007969976863408945,0.13203314528851262,0.13283014297485352,0.0007969976863408945,0.0,False,True,stage3_surrogate_diagnostic_only
positive_premium_mlp,stress_holdout,23,933571,call_T025_s060_r010_q010,0.7666666666666666,0.7672858143962609,0.0006191477295942605,0.0,0.0006191477295942605,0.0006191477295942605,0.7666666666666666,False,True,stage3_surrogate_diagnostic_only
positive_premium_mlp,stress_holdout,24,1098237,call_T050_s060_r005_q010,0.029633230241589082,0.02227293699979782,-0.007360293241791261,0.029633230241589082,0.02227293699979782,-0.007360293241791261,0.0,False,False,stage3_surrogate_diagnostic_only
positive_premium_mlp,stress_holdout,25,1099540,call_T050_s060_r005_q010,0.4040415386036067,0.40317258085124186,-0.0008689577523648406,0.004041538603606787,0.0031725808512419462,-0.0008689577523648406,0.3999999999999999,False,True,stage3_surrogate_diagnostic_only
positive_premium_mlp,stress_holdout,26,1101898,call_T050_s060_r005_q010,0.2423421380728273,0.2358670408527057,-0.006475097220121601,0.07567547140616057,0.06920037418603897,-0.006475097220121601,0.16666666666666674,False,True,stage3_surrogate_diagnostic_only
positive_premium_mlp,stress_holdout,27,1123493,call_T050_s060_r010_q010,0.49971906849167624,0.48653986665109783,-0.013179201840578414,0.03305240182500968,0.019873199984431267,-0.013179201840578414,0.46666666666666656,False,True,stage3_surrogate_diagnostic_only
positive_premium_mlp,stress_holdout,28,1265014,call_T100_s060_r001_q010,0.7333333333333334,0.7335571828259466,0.00022384949261322618,0.0,0.00022384949261322618,0.00022384949261322618,0.7333333333333334,False,True,stage3_surrogate_diagnostic_only
positive_premium_mlp,stress_holdout,29,1266228,call_T100_s060_r001_q010,0.011617454931701863,0.013654877431690693,0.0020374224999888304,0.011617454931701863,0.013654877431690693,0.0020374224999888304,0.0,False,True,stage3_surrogate_diagnostic_only
positive_premium_mlp,stress_holdout,30,1267997,call_T100_s060_r001_q010,0.0912383557229066,0.08779367804527283,-0.0034446776776337756,0.0912383557229066,0.08779367804527283,-0.0034446776776337756,0.0,False,True,stage3_surrogate_diagnostic_only
positive_premium_mlp,stress_holdout,31,1269428,call_T100_s060_r001_q010,0.3395920741657021,0.3341598202784857,-0.0054322538872164094,0.10625874083236869,0.10082648694515228,-0.0054322538872164094,0.2333333333333334,False,True,stage3_surrogate_diagnostic_only
positive_premium_mlp,stress_holdout,32,1288690,call_T100_s060_r005_q010,0.27862074046601276,0.2854614878694217,0.006840747403408953,0.11195407379934602,0.11879482120275497,0.006840747403408953,0.16666666666666674,False,True,stage3_surrogate_diagnostic_only
positive_premium_mlp,stress_holdout,33,1289075,call_T100_s060_r005_q010,0.24278307495376125,0.24561662077903756,0.0028335458252763124,0.14278307495376116,0.14561662077903748,0.0028335458252763124,0.10000000000000009,False,True,stage3_surrogate_diagnostic_only
positive_premium_mlp,stress_holdout,34,1306913,call_T100_s060_r010_q010,0.04218404033886552,0.042924899607896805,0.0007408592690312868,0.04218404033886552,0.042924899607896805,0.0007408592690312868,0.0,False,True,stage3_surrogate_diagnostic_only
positive_premium_mlp,stress_holdout,35,1454868,call_T200_s060_r001_q010,0.04677094057268043,0.04083755239844322,-0.005933388174237206,0.04677094057268043,0.04083755239844322,-0.005933388174237206,0.0,False,True,stage3_surrogate_diagnostic_only
positive_premium_mlp,stress_holdout,36,1455226,call_T200_s060_r001_q010,0.2578883409097619,0.2593089679876963,0.0014206270779343888,0.19122167424309527,0.19264230132102966,0.0014206270779343888,0.06666666666666665,False,False,stage3_surrogate_diagnostic_only
positive_premium_mlp,stress_holdout,37,1456120,call_T200_s060_r001_q010,0.1231575561278467,0.13641181588172913,0.01325425975388242,0.1231575561278467,0.13641181588172913,0.01325425975388242,0.0,False,True,stage3_surrogate_diagnostic_only
positive_premium_mlp,stress_holdout,38,1475515,call_T200_s060_r005_q010,0.13382670343834246,0.14518126845359802,0.011354565015255558,0.13382670343834246,0.14518126845359802,0.011354565015255558,0.0,False,True,stage3_surrogate_diagnostic_only
positive_premium_mlp,stress_holdout,39,1496498,call_T200_s060_r010_q010,0.134951417299129,0.14856655895709991,0.013615141657970925,0.134951417299129,0.14856655895709991,0.013615141657970925,0.0,False,True,stage3_surrogate_diagnostic_only
