S_over_K,tau_over_T,V_over_K,Delta,scaled_Gamma,payoff_over_K,continuation_premium_over_K
0.5,1,0.52639626706711773,-0.77163235544877828,0.90809161175077002,0.5,0.026396267067117729
0.50249999999999995,1,0.52447002178571944,-0.76936473365103752,0.90601802160211198,0.49750000000000005,0.026970021785719389
0.505,1,0.52254943915450913,-0.76710220525590489,0.90401653249000191,0.495,0.027549439154509137
0.50749999999999995,1,0.52063450666305855,-0.76484459269869409,0.90208499068161696,0.49250000000000005,0.028134506663058501
0.51000000000000001,1,0.51872521223809998,-0.76259172382181051,0.90022122534144577,0.48999999999999999,0.028725212238099984
0.51249999999999996,1,0.51682154422996396,-0.76034343190944087,0.89842305489537166,0.48750000000000004,0.029321544229963914
0.51500000000000001,1,0.51492349139894633,-0.75809955570700027,0.89668829286546403,0.48499999999999999,0.029923491398946345
0.51749999999999996,1,0.5130310429016457,-0.75585993942661855,0.89501475320794466,0.48250000000000004,0.030531042901645655
0.52000000000000002,1,0.51114418827730312,-0.7536244327398699,0.89340025518532262,0.47999999999999998,0.031144188277303142
0.52249999999999996,1,0.50926291743417529,-0.75139289075887628,0.89184262780225909,0.47750000000000004,0.031762917434175253
0.52500000000000002,1,0.5073872206359672,-0.74916517400683214,0.89033971383328703,0.47499999999999998,0.032387220635967218
0.52749999999999997,1,0.5055170884883522,-0.74694114837894865,0.88888937346913333,0.47250000000000003,0.033017088488352164
0.53000000000000003,1,0.50365251192559901,-0.74472068509472633,0.88748948760699986,0.46999999999999997,0.033652511925599038
0.53249999999999997,1,0.50179348219733,-0.74250366064242546,0.88613796080887519,0.46750000000000003,0.034293482197329972
0.53500000000000003,1,0.4999399908554244,-0.74028995671652942,0.88483272395061996,0.46499999999999997,0.03493999085542443
0.53749999999999998,1,0.49809202974108951,-0.7380794601489522,0.88357173658336752,0.46250000000000002,0.035592029741089493
0.54000000000000004,1,0.49624959097210686,-0.73587206283467665,0.882352989027537,0.45999999999999996,0.036249590972106893
0.54249999999999998,1,0.49441266693027536,-0.73366766165247665,0.88117450421865651,0.45750000000000002,0.03691266693027534
0.54500000000000004,1,0.49258125024905247,-0.73146615838131268,0.88003433932302844,0.45499999999999996,0.037581250249052511
0.54749999999999999,1,0.49075533380141423,-0.72926745961295814,0.87893058714025329,0.45250000000000001,0.038255333801414215
0.55000000000000004,1,0.4889349106879356,-0.72707147666137106,0.87786137730859781,0.44999999999999996,0.038934910687935642
0.55249999999999999,1,0.4871199742251005,-0.72487812546928176,0.87682487732821035,0.44750000000000001,0.039619974225100496
0.55500000000000005,1,0.48531051793384961,-0.72268732651243472,0.87581929341629206,0.44499999999999995,0.040310517933849654
0.5575,1,0.48350653552837025,-0.7204990047018921,0.8748428712074332,0.4425,0.041006535528370247
0.56000000000000005,1,0.48170802090513015,-0.71831308928475968,0.87389389631148195,0.43999999999999995,0.041708020905130205
0.5625,1,0.47991496813216455,-0.71612951374369482,0.87297069474056521,0.4375,0.042414968132164554
0.56499999999999995,1,0.47812737143861278,-0.7139482156954885,0.87207163321606362,0.43500000000000005,0.043127371438612727
0.5675,1,0.47634522520451134,-0.71176913678902531,0.87119511936568861,0.4325,0.04384522520451134
0.57000000000000006,1,0.47456852395084043,-0.70959222260287846,0.8703396018201226,0.42999999999999994,0.044568523950840488
0.57250000000000001,1,0.47279726232982877,-0.70741742254277573,0.86950357021801794,0.42749999999999999,0.04529726232982878
0.57499999999999996,1,0.47103143511551343,-0.70524468973916177,0.86868555512760648,0.42500000000000004,0.046031435115513386
0.57750000000000001,1,0.46927103719455604,-0.70307398094505125,0.86788412789255009,0.42249999999999999,0.046771037194556053
0.57999999999999996,1,0.46751606355731373,-0.70090525643435786,0.86709790040918722,0.42000000000000004,0.047516063557313692
0.58250000000000002,1,0.4657665092891623,-0.69873847990085158,0.86632552484176772,0.41749999999999998,0.048266509289162318
0.58499999999999996,1,0.46402236956207338,-0.69657361835790799,0.86556569328186306,0.41500000000000004,0.049022369562073342
0.58750000000000002,1,0.46228363962643926,-0.69441064203916558,0.8648171373576492,0.41249999999999998,0.04978363962643928
0.58999999999999997,1,0.46055031480314512,-0.69224952430022191,0.8640786277983602,0.41000000000000003,0.050550314803145091
0.59250000000000003,1,0.45882239047588597,-0.69009024152146592,0.86334897395883214,0.40749999999999997,0.051322390475885993
0.59499999999999997,1,0.45709986208372522,-0.68793277301214695,0.86262702330867058,0.40500000000000003,0.05209986208372519
0.59750000000000003,1,0.4553827251138905,-0.68577710091575761,0.86191166089026461,0.40249999999999997,0.052882725113890527
0.59999999999999998,1,0.45367097509480564,-0.68362321011680927,0.86120180874950558,0.40000000000000002,0.053670975094805617
0.60250000000000004,1,0.45196460758935159,-0.68147108814905932,0.86049642534282733,0.39749999999999996,0.054464607589351621
0.60499999999999998,1,0.45026361818835892,-0.67932072510524877,0.85979450492384601,0.39500000000000002,0.055263618188358898
0.60750000000000004,1,0.44856800250431922,-0.67717211354839246,0.85909507691265863,0.39249999999999996,0.056068002504319259
0.60999999999999999,1,0.44687775616531988,-0.6750252484246686,0.85839720525060681,0.39000000000000001,0.05687775616531987
0.61250000000000004,1,0.44519287480919306,-0.67288012697793298,0.85769998774307177,0.38749999999999996,0.057692874809193107
0.61499999999999999,1,0.44351335407787718,-0.6707367486658925,0.85700255539266068,0.38500000000000001,0.058513354077877167
0.61750000000000005,1,0.44183918961198376,-0.668595115077952,0.85630407172496004,0.38249999999999995,0.059339189611983811
0.62,1,0.44017037704557149,-0.6664552298547568,0.85560373210883212,0.38,0.060170377045571488
0.62250000000000005,1,0.43850691200111447,-0.66431709860943711,0.85490076307306562,0.37749999999999995,0.061006912001114522
0.625,1,0.43684879008466954,-0.66218072885056578,0.85419442162102766,0.375,0.061848790084669536
0.62749999999999995,1,0.43519600688123078,-0.66004612990682732,0.85348399454483259,0.37250000000000005,0.062696006881230726
0.63,1,0.43354855795027325,-0.6579133128534046,0.85276879774038183,0.37,0.063548557950273254
0.63250000000000006,1,0.43190643882147506,-0.6557822904400723,0.85204817552451884,0.36749999999999994,0.06440643882147512
0.63500000000000001,1,0.43026964499062031,-0.65365307702099495,0.8513214999554275,0.36499999999999999,0.065269644990620324
0.63749999999999996,1,0.42863817191567399,-0.65152568848621917,0.85058817015726984,0.36250000000000004,0.066138171915673949
0.64000000000000001,1,0.42701201501302555,-0.64940014219484743,0.84984761164998568,0.35999999999999999,0.067012015013025561
0.64250000000000007,1,0.42539116965389812,-0.64727645690988056,0.84909927568507237,0.35749999999999993,0.067891169653898187
0.64500000000000002,1,0.4237756311609201,-0.64515465273471062,0.84834263858805703,0.35499999999999998,0.068775631160920114
0.64749999999999996,1,0.42216539480484883,-0.64303475105125285,0.8475772011083329,0.35250000000000004,0.06966539480484879
0.65000000000000002,1,0.42056045580145279,-0.64091677445968831,0.84680248777692024,0.34999999999999998,0.070560455801452815
0.65249999999999997,1,0.41896080930853802,-0.63880074671980469,0.8460180462726582,0.34750000000000003,0.071460809308537987
0.65500000000000003,1,0.4173664504231212,-0.63668669269390943,0.845223446797286,0.34499999999999997,0.072366450423121231
0.65749999999999997,1,0.41577737417874316,-0.63457463829129501,0.84441828145977682,0.34250000000000003,0.073277374178743138
0.66000000000000003,1,0.41419357554291941,-0.63246461041422908,0.84360216367027929,0.33999999999999997,0.074193575542919443
0.66249999999999998,1,0.41261504941472321,-0.63035663690545007,0.84277472754393068,0.33750000000000002,0.07511504941472319
0.66500000000000004,1,0.41104179062249857,-0.62825074649713797,0.84193562731479477,0.33499999999999996,0.076041790622498606
0.66749999999999998,1,0.40947379392169914,-0.62614696876134113,0.8410845367601123,0.33250000000000002,0.076973793921699118
0.67000000000000004,1,0.40791105399284894,-0.62404533406182439,0.84022114863502195,0.32999999999999996,0.077911053992848978
0.67249999999999999,1,0.40635356543962181,-0.62194587350732244,0.83934517411788945,0.32750000000000001,0.078853565439621798
0.67500000000000004,1,0.40480132278703601,-0.61984861890616227,0.83845634226631405,0.32499999999999996,0.079801322787036055
0.67749999999999999,1,0.40325432047976045,-0.6177536027222339,0.83755439948389865,0.32250000000000001,0.080754320479760444
0.67999999999999994,1,0.40171255288052909,-0.6156608580322821,0.83663910899781024,0.32000000000000006,0.081712552880529032
0.6825,1,0.40017601426866184,-0.61357041848448757,0.83571025034714108,0.3175,0.082676014268661835
0.68500000000000005,1,0.3986446988386857,-0.61148231825831723,0.83476761888207163,0.31499999999999995,0.083644698838685749
0.6875,1,0.39711860069905514,-0.60939659202560914,0.83381102527379747,0.3125,0.084618600699055135
0.68999999999999995,1,0.39559771387096926,-0.60731327491287279,0.83284029503518087,0.31000000000000005,0.085597713870969205
0.6925,1,0.39408203228728089,-0.6052324024647735,0.83185526805206733,0.3075,0.086582032287280897
0.69500000000000006,1,0.39257154979149511,-0.60315401060877283,0.83085579812517563,0.30499999999999994,0.087571549791495173
0.69750000000000001,1,0.39106626013685547,-0.60107813562090595,0.8298417525224967,0.30249999999999999,0.088566260136855479
0.69999999999999996,1,0.38956615698551533,-0.59900481409265871,0.8288130115420751,0.30000000000000004,0.089566156985515288
0.70250000000000001,1,0.38807123390778714,-0.59693408289893102,0.82776946808508522,0.29749999999999999,0.090571233907787152
0.70500000000000007,1,0.38658148438147538,-0.5948659791670512,0.82671102723906131,0.29499999999999993,0.091581484381475453
0.70750000000000002,1,0.38509690179128098,-0.59280054024682005,0.82563760587116997,0.29249999999999998,0.092596901791280994
0.70999999999999996,1,0.38361747942828323,-0.5907378036815607,0.8245491322313786,0.29000000000000004,0.09361747942828319
0.71250000000000002,1,0.3821432104894904,-0.58867780718014651,0.8234455455653874,0.28749999999999998,0.094643210489490426
0.71499999999999997,1,0.38067408807745967,-0.58662058858998711,0.82232679573717105,0.28500000000000003,0.09567408807745964
0.71750000000000003,1,0.37921010519998372,-0.58456618587094211,0.82119284286098559,0.28249999999999997,0.096710105199983742
0.71999999999999997,1,0.3777512547698415,-0.58251463707014906,0.82004365694267933,0.28000000000000003,0.097751254769841478
0.72250000000000003,1,0.37629752960461038,-0.58046598029772956,0.81887921753015824,0.27749999999999997,0.098797529604610412
0.72499999999999998,1,0.37484892242653828,-0.57842025370336514,0.81769951337283631,0.27500000000000002,0.099848922426538256
0.72750000000000004,1,0.37340542586247288,-0.57637749545370764,0.81650454208991718,0.27249999999999996,0.10090542586247292
0.72999999999999998,1,0.37196703244384682,-0.57433774371061053,0.81529430984733808,0.27000000000000002,0.10196703244384681
0.73250000000000004,1,0.37053373460671629,-0.57230103661015874,0.81406883104321293,0.26749999999999996,0.10303373460671633
0.73499999999999999,1,0.36910552469185021,-0.57026741224247102,0.8128281280016082,0.26500000000000001,0.10410552469185019
0.73750000000000004,1,0.36768239494487032,-0.56823690863225906,0.81157223067448936,0.26249999999999996,0.10518239494487036
0.73999999999999999,1,0.36626433751643772,-0.56620956372012432,0.81030117635166921,0.26000000000000001,0.10626433751643771
0.74249999999999994,1,0.36485134446248602,-0.56418541534456457,0.80901500937859083,0.25750000000000006,0.10735134446248595
0.745,1,0.36344340774449796,-0.56216450122468198,0.80771378088178913,0.255,0.10844340774449795
0.74750000000000005,1,0.362040519229826,-0.56014685894356508,0.8063975485018593,0.25249999999999995,0.10954051922982605
0.75,1,0.36064267069205053,-0.55813252593232932,0.80506637613376963,0.25,0.11064267069205053
0.75249999999999995,1,0.35924985381138114,-0.55612153945479892,0.80372033367436679,0.24750000000000005,0.11174985381138108
0.755,1,0.35786206017509148,-0.55411393659280939,0.80235949677690399,0.245,0.11286206017509148
0.75750000000000006,1,0.35647928127799344,-0.55210975423211717,0.80098394661243877,0.24249999999999994,0.1139792812779935
0.76000000000000001,1,0.3551015085229437,-0.55010902904889603,0.79959376963794526,0.23999999999999999,0.11510150852294371
0.76249999999999996,1,0.35372873322138326,-0.5481117974968055,0.79818905737098411,0.23750000000000004,0.11622873322138322
0.76500000000000001,1,0.35236094659391132,-0.54611809579461412,0.79676990617077892,0.23499999999999999,0.11736094659391133
0.76750000000000007,1,0.35099813977088473,-0.5441279599143618,0.79533641702555413,0.23249999999999993,0.1184981397708848
0.77000000000000002,1,0.34964030379305189,-0.54214142557004863,0.79388869534597672,0.22999999999999998,0.11964030379305191
0.77249999999999996,1,0.34828742961220926,-0.54015852820682875,0.79242685076456532,0.22750000000000004,0.12078742961220923
0.77500000000000002,1,0.34693950809188734,-0.53817930299070105,0.79095099694092108,0.22499999999999998,0.12193950809188736
0.77750000000000008,1,0.34559653000806051,-0.53620378479867936,0.78946125137264023,0.22249999999999992,0.12309653000806059
0.78000000000000003,1,0.34425848604988296,-0.5342320082094284,0.78795773521176382,0.21999999999999997,0.12425848604988299
0.78249999999999997,1,0.34292536682044306,-0.53226400749434954,0.78644057308664117,0.21750000000000003,0.12542536682044303
0.78500000000000003,1,0.34159716283754388,-0.5302998166091093,0.78490989292906366,0.21499999999999997,0.12659716283754391
0.78750000000000009,1,0.34027386453450348,-0.52833946918559072,0.78336582580654246,0.21249999999999991,0.12777386453450357
0.79000000000000004,1,0.33895546226097156,-0.52638299852425829,0.78180850575960092,0.20999999999999996,0.1289554622609716
0.79249999999999998,1,0.33764194628376915,-0.52443043758692398,0.78023806964395648,0.20750000000000002,0.13014194628376913
0.79499999999999993,1,0.33633330678774359,-0.52248181898990087,0.77865465697746783,0.20500000000000007,0.13133330678774352
0.79749999999999999,1,0.33502953387663925,-0.52053717499753516,0.77705840979173035,0.20250000000000001,0.13252953387663924
0.80000000000000004,1,0.33373061757398648,-0.51859653751610213,0.77544947248819551,0.19999999999999996,0.13373061757398652
0.80249999999999999,1,0.33243654782400395,-0.51665993808805721,0.7738279916987052,0.19750000000000001,0.13493654782400394
0.80499999999999994,1,0.33114731449251372,-0.51472740788662907,0.77219411615032185,0.19500000000000006,0.13614731449251366
0.8075,1,0.32986290736787244,-0.51279897771074634,0.77054799653434947,0.1925,0.13736290736787243
0.81000000000000005,1,0.32858331616191155,-0.51087467798028741,0.76888978537943098,0.18999999999999995,0.13858331616191161
0.8125,1,0.32730853051089204,-0.50895453873163998,0.76721963692862172,0.1875,0.13980853051089204
0.81499999999999995,1,0.32603853997646692,-0.50703858961356663,0.76553770702033319,0.18500000000000005,0.14103853997646687
0.8175,1,0.32477333404665648,-0.50512685988335893,0.76384415297304198,0.1825,0.14227333404665649
0.82000000000000006,1,0.32351290213683059,-0.50321937840327979,0.76213913347367457,0.17999999999999994,0.14351290213683066
0.82250000000000001,1,0.32225723359070058,-0.50131617363727654,0.76042280846955979,0.17749999999999999,0.14475723359070058
0.82499999999999996,1,0.32100631768131921,-0.49941727364796262,0.75869533906386399,0.17500000000000004,0.14600631768131916
0.82750000000000001,1,0.31976014361208688,-0.49752270609385357,0.7569568874144107,0.17249999999999999,0.14726014361208689
0.83000000000000007,1,0.31851870051776598,-0.49563249822685518,0.75520761663579905,0.16999999999999993,0.14851870051776606
0.83250000000000002,1,0.31728197746549952,-0.49374667688998963,0.7534476907047285,0.16749999999999998,0.14978197746549954
0.83499999999999996,1,0.31604996345583608,-0.49186526851535506,0.75167727436844944,0.16500000000000004,0.15104996345583604
0.83750000000000002,1,0.31482264742375976,-0.48998829912231051,0.74989653305624848,0.16249999999999998,0.15232264742375978
0.84000000000000008,1,0.31360001823972405,-0.48811579431587976,0.74810563279389763,0.15999999999999992,0.15360001823972413
0.84250000000000003,1,0.31238206471068891,-0.48624777928536195,0.74630474012097392,0.15749999999999997,0.15488206471068894
0.84499999999999997,1,0.31116877558116207,-0.4843842788031491,0.74449402201098536,0.15500000000000003,0.15616877558116204
0.84750000000000003,1,0.30996013953424256,-0.48252531722373715,0.74267364579421546,0.15249999999999997,0.15746013953424259
0.85000000000000009,1,0.3087561451926662,-0.48067091848292892,0.74084377908322352,0.14999999999999991,0.15875614519266629
0.85250000000000004,1,0.30755678111985352,-0.47882110609721773,0.73900458970091421,0.14749999999999996,0.16005678111985355
0.85499999999999998,1,0.3063620358209585,-0.47697590316334942,0.73715624561112325,0.14500000000000002,0.16136203582095848
0.85749999999999993,1,0.30517189774391812,-0.47513533235805389,0.7352989148516359,0.14250000000000007,0.16267189774391805
0.85999999999999999,1,0.30398635528050244,-0.47329941593794173,0.7334327654695757,0.14000000000000001,0.16398635528050243
0.86250000000000004,1,0.30280539676736523,-0.47146817573955996,0.73155796545910778,0.13749999999999996,0.16530539676736528
0.86499999999999999,1,0.30162901048709406,-0.46964163317959762,0.7296746827013737,0.13500000000000001,0.16662901048709405
0.86749999999999994,1,0.30045718466925919,-0.46781980925524408,0.72778308490661359,0.13250000000000006,0.16795718466925913
0.87,1,0.29928990749146156,-0.46600272454468461,0.72588333955840678,0.13,0.16928990749146156
0.87250000000000005,1,0.29812716708037962,-0.46419039920773492,0.72397561385997222,0.12749999999999995,0.17062716708037967
0.875,1,0.29696895151281477,-0.46238285298660686,0.72206007468247202,0.125,0.17196895151281477
0.87749999999999995,1,0.29581524881673393,-0.46058010520680198,0.72013688851526292,0.12250000000000005,0.17331524881673388
0.88,1,0.29466604697230991,-0.4587821747781255,0.71820622141804358,0.12,0.17466604697230992
0.88250000000000006,1,0.29352133391295976,-0.4569890801958188,0.71626823897483471,0.11749999999999994,0.17602133391295982
0.88500000000000001,1,0.29238109752637909,-0.45520083954180407,0.71432310624975326,0.11499999999999999,0.17738109752637909
0.88749999999999996,1,0.29124532565557415,-0.45341747048603687,0.71237098774451801,0.11250000000000004,0.17874532565557411
0.89000000000000001,1,0.29011400609988952,-0.45163899028796484,0.71041204735764918,0.10999999999999999,0.18011400609988953
0.89250000000000007,1,0.28898712661603282,-0.4498654157980842,0.70844644834530235,0.10749999999999993,0.18148712661603289
0.89500000000000002,1,0.28786467491909484,-0.44809676345959287,0.70647435328369956,0.10499999999999998,0.18286467491909486
0.89749999999999996,1,0.2867466386835662,-0.44633304931013579,0.70449592403310635,0.10250000000000004,0.18424663868356617
0.90000000000000002,1,0.28563300554434751,-0.44457428898363827,0.70251132170331076,0.099999999999999978,0.18563300554434753
0.90250000000000008,1,0.28452376309775751,-0.44282049771222382,0.70052070662056676,0.09749999999999992,0.18702376309775759
0.90500000000000003,1,0.28341889890253563,-0.44107169032821347,0.69852423829595078,0.094999999999999973,0.18841889890253566
0.90749999999999997,1,0.28231840048083728,-0.4393278812662002,0.69652207539509803,0.092500000000000027,0.18981840048083726
0.91000000000000003,1,0.28122225531922618,-0.4375890845652004,0.69451437570927621,0.089999999999999969,0.19122225531922621
0.91250000000000009,1,0.28013045086966137,-0.43585531387087423,0.69250129612775524,0.087499999999999911,0.19263045086966146
0.91500000000000004,1,0.27904297455047666,-0.43412658243781393,0.69048299261144142,0.084999999999999964,0.1940429745504767
0.91749999999999998,1,0.27795981374735579,-0.43240290313189622,0.68845962016773066,0.082500000000000018,0.19545981374735577
0.91999999999999993,1,0.27688095581430094,-0.43068428843269557,0.68643133282655,0.080000000000000071,0.19688095581430087
0.92249999999999999,1,0.27580638807459629,-0.42897075043595823,0.6843982836175565,0.077500000000000013,0.19830638807459627
0.92500000000000004,1,0.27473609782176345,-0.42726230085612893,0.68236062454844859,0.074999999999999956,0.19973609782176349
0.92749999999999999,1,0.27367007232051133,-0.42555895102893226,0.68031850658436577,0.072500000000000009,0.20117007232051132
0.92999999999999994,1,0.27260829880768134,-0.42386071191400376,0.67827207962834224,0.070000000000000062,0.20260829880768128
0.9325,1,0.27155076449318227,-0.42216759409756799,0.6762214925027783,0.067500000000000004,0.20405076449318227
0.93500000000000005,1,0.27049745656092139,-0.42047960779516319,0.67416689293190868,0.064999999999999947,0.20549745656092144
0.9375,1,0.26944836216972834,-0.41879676285440681,0.67210842752522659,0.0625,0.20694836216972834
0.93999999999999995,1,0.26840346845426927,-0.41711906875780269,0.67004624176184213,0.060000000000000053,0.20840346845426921
0.9425,1,0.26736276252595886,-0.41544653462558445,0.66798047997574594,0.057499999999999996,0.20986276252595887
0.94500000000000006,1,0.26632623147386042,-0.41377916921859759,0.66591128534194677,0.054999999999999938,0.21132623147386048
0.94750000000000001,1,0.26529386236558145,-0.41211698094121224,0.66383879986345995,0.052499999999999991,0.21279386236558145
0.94999999999999996,1,0.26426564224816096,-0.4104599778442688,0.66176316435912008,0.050000000000000044,0.21426564224816091
0.95250000000000001,1,0.26324155814894984,-0.40880816762805222,0.65968451845218867,0.047499999999999987,0.21574155814894985
0.95500000000000007,1,0.26222159707648318,-0.4071615576452951,0.65760300055973964,0.044999999999999929,0.21722159707648325
0.95750000000000002,1,0.26120574602134572,-0.4055201549042064,0.65551874788279196,0.042499999999999982,0.21870574602134574
0.95999999999999996,1,0.26019399195702919,-0.40388396607152088,0.65343189639716659,0.040000000000000036,0.22019399195702916
0.96250000000000002,1,0.25918632184078166,-0.40225299747557486,0.65134258084504948,0.037499999999999978,0.22168632184078169
0.96500000000000008,1,0.25818272261445047,-0.40062725510939901,0.64925093472723228,0.03499999999999992,0.22318272261445055
0.96750000000000003,1,0.25718318120531664,-0.39900674463383168,0.64715709029601798,0.032499999999999973,0.22468318120531666
0.96999999999999997,1,0.25618768452692031,-0.39739147138064745,0.645061178548757,0.030000000000000027,0.22618768452692029
0.97250000000000003,1,0.25519621947988097,-0.39578144035570234,0.64296332922200761,0.027499999999999969,0.227696219479881
0.97500000000000009,1,0.25420877295270689,-0.39417665624209275,0.64086367078629125,0.024999999999999911,0.22920877295270697
0.97750000000000004,1,0.25322533182259926,-0.39257712340332629,0.63876233044142827,0.022499999999999964,0.2307253318225993
0.97999999999999998,1,0.25224588295624667,-0.39098284588650362,0.63665943411243064,0.020000000000000018,0.23224588295624665
0.98249999999999993,1,0.25127041321061172,-0.38939382742550993,0.63455510644593738,0.017500000000000071,0.23377041321061165
0.98499999999999999,1,0.2502989094337108,-0.3878100714442152,0.63244947080717573,0.015000000000000013,0.23529890943371079
0.98750000000000004,1,0.24933135846538482,-0.38623158105968064,0.63034264927742412,0.012499999999999956,0.23683135846538486
0.98999999999999999,1,0.24836774713806201,-0.38465835908537205,0.62823476265196931,0.010000000000000009,0.238367747138062
0.99249999999999994,1,0.24740806227751369,-0.38309040803437511,0.62612593043853038,0.0075000000000000622,0.23990806227751363
0.995,1,0.2464522907035995,-0.38152773012261765,0.62401627085614531,0.0050000000000000044,0.2414522907035995
0.99750000000000005,1,0.24550041923100815,-0.37997032727209135,0.62190590083449482,0.0024999999999999467,0.24300041923100821
1,1,0.24455243466998725,-0.37841820111407537,0.61979493601365421,0,0.24455243466998725
1.0024999999999999,1,0.24360832382706624,-0.37687135299236091,0.61768349074425577,0,0.24360832382706624
1.0049999999999999,1,0.2426680735057711,-0.37532978396647404,0.61557167808804747,0,0.2426680735057711
1.0075000000000001,1,0.24173167050733091,-0.37379349481489577,0.61345960981883718,0,0.24173167050733091
1.01,1,0.24079910163137661,-0.37226248603828227,0.61134739642380276,0,0.24079910163137661
1.0125,1,0.2398703536766312,-0.37073675786267757,0.6092351471051618,0,0.2398703536766312
1.0150000000000001,1,0.23894541344159262,-0.36921631024272455,0.60712296978218172,0,0.23894541344159262
1.0175000000000001,1,0.23802426772520818,-0.36770114286486916,0.60501097109352431,0,0.23802426772520818
1.02,1,0.23710690332754142,-0.366191255150559,0.60289925639990549,0,0.23710690332754142
1.0225,1,0.23619330705042907,-0.3646866462594337,0.60078792978706441,0,0.23619330705042907
1.0249999999999999,1,0.23528346569813374,-0.3631873150925094,0.5986770940690278,0,0.23528346569813374
1.0274999999999999,1,0.23437736607798473,-0.36169326029535298,0.59656685079165772,0,0.23437736607798473
1.03,1,0.2334749950010139,-0.36020448026124757,0.59445730023647358,0,0.2334749950010139
1.0325,1,0.23257633928258226,-0.35872097313434942,0.59234854142473781,0,0.23257633928258226
1.0350000000000001,1,0.23168138574299776,-0.35724273681283175,0.59024067212179199,0,0.23168138574299776
1.0375000000000001,1,0.23079012120812759,-0.35576976895202006,0.58813378884163903,0,0.23079012120812759
1.04,1,0.22990253251000087,-0.35430206696751382,0.5860279868517555,0,0.22990253251000087
1.0425,1,0.22901860648740408,-0.35283962803829688,0.58392336017812918,0,0.22901860648740408
1.0449999999999999,1,0.2281383299864691,-0.35138244910983413,0.58182000161050973,0,0.2281383299864691
1.0474999999999999,1,0.2272616898612522,-0.34993052689715615,0.57971800270786844,0,0.2272616898612522
1.05,1,0.22638867297430734,-0.34848385788792857,0.57761745380404972,0,0.22638867297430734
1.0525,1,0.22551926619725074,-0.34704243834550763,0.57551844401361585,0,0.22551926619725074
1.0550000000000002,1,0.22465345641131629,-0.34560626431198121,0.57342106123786907,0,0.22465345641131629
1.0575000000000001,1,0.22379123050790742,-0.34417533161119418,0.5713253921710485,0,0.22379123050790742
1.0600000000000001,1,0.22293257538913672,-0.34274963585175749,0.56923152230668905,0,0.22293257538913672
1.0625,1,0.22207747796836155,-0.34132917243004307,0.56713953594414102,0,0.22207747796836155
1.0649999999999999,1,0.22122592517071016,-0.33991393653315932,0.56504951619523658,0,0.22122592517071016
1.0674999999999999,1,0.2203779039336019,-0.33850392314191352,0.5629615449911014,0,0.2203779039336019
1.0700000000000001,1,0.21953340120725898,-0.33709912703375289,0.56087570308910173,0,0.21953340120725898
1.0725,1,0.21869240395521081,-0.33569954278569175,0.55879207007992104,0,0.21869240395521081
1.0750000000000002,1,0.21785489915479214,-0.33430516477721783,0.55671072439475788,0,0.21785489915479214
1.0775000000000001,1,0.21702087379763241,-0.33291598719318355,0.55463174331264431,0,0.21702087379763241
1.0800000000000001,1,0.21619031489013971,-0.33153200402667532,0.55255520296787242,0,0.21619031489013971
1.0825,1,0.21536320945397586,-0.33015320908186757,0.55048117835752408,0,0.21536320945397586
1.085,1,0.2145395445265256,-0.32877959597685502,0.54840974334910353,0,0.2145395445265256
1.0874999999999999,1,0.21371930716135776,-0.32741115814646821,0.54634097068826204,0,0.21371930716135776
1.0899999999999999,1,0.2129024844286809,-0.32604788884506714,0.54427493200660781,0,0.2129024844286809
1.0925,1,0.21208906341578951,-0.32468978114931735,0.54221169782960177,0,0.21208906341578951
1.095,1,0.21127903122750652,-0.32333682796094554,0.54015133758453282,0,0.21127903122750652
1.0975000000000001,1,0.21047237498661583,-0.3219890220094736,0.5380939196085589,0,0.21047237498661583
1.1000000000000001,1,0.20966908183429056,-0.32064635585493589,0.53603951115682469,0,0.20966908183429056
1.1025,1,0.20886913893051151,-0.31930882189057208,0.53398817841063495,0,0.20886913893051151
1.105,1,0.20807253345448387,-0.31797641234550234,0.53193998648569396,0,0.20807253345448387
1.1074999999999999,1,0.20727925260504065,-0.31664911928738132,0.52989499944039187,0,0.20727925260504065
1.1099999999999999,1,0.2064892836010459,-0.3153269346250307,0.52785328028414957,0,0.2064892836010459
1.1125,1,0.20570261368178752,-0.31400985011105048,0.52581489098580159,0,0.20570261368178752
1.115,1,0.20491923010736376,-0.31269785734441108,0.52377989248202805,0,0.20491923010736376
1.1175000000000002,1,0.20413912015906527,-0.31139094777302234,0.52174834468582121,0,0.20413912015906527
1.1200000000000001,1,0.203362271139749,-0.3100891126962827,0.51972030649498757,0,0.203362271139749
1.1225000000000001,1,0.20258867037420647,-0.30879234326760596,0.51769583580068124,0,0.20258867037420647
1.125,1,0.20181830520952546,-0.30750063049692716,0.51567498949596458,0,0.20181830520952546
1.1274999999999999,1,0.20105116301544568,-0.30621396525318806,0.51365782348439437,0,0.20105116301544568
1.1299999999999999,1,0.20028723118470798,-0.30493233826679855,0.51164439268862716,0,0.20028723118470798
1.1325000000000001,1,0.1995264971333981,-0.30365574013207947,0.50963475105904232,0,0.1995264971333981
1.135,1,0.19876894830128358,-0.30238416130968254,0.50762895158238219,0,0.19876894830128358
1.1375000000000002,1,0.19801457215214469,-0.30111759212898731,0.50562704629040245,0,0.19801457215214469
1.1400000000000001,1,0.19726335617409993,-0.29985602279047929,0.50362908626853009,0,0.19726335617409993
1.1425000000000001,1,0.1965152878799255,-0.29859944336810423,0.50163512166452917,0,0.1965152878799255
1.145,1,0.19577035480736796,-0.29734784381160079,0.4996452016971708,0,0.19577035480736796
1.1475,1,0.19502854451945265,-0.29610121394881378,0.49765937466490207,0,0.19502854451945265
1.1499999999999999,1,0.19428984460478554,-0.29485954348798288,0.49567768795451356,0,0.19428984460478554
1.1524999999999999,1,0.19355424267784896,-0.29362282202001155,0.49370018804980509,0,0.19355424267784896
1.155,1,0.19282172637929182,-0.29239103902071334,0.49172692054024142,0,0.19282172637929182
1.1575,1,0.19209228337621589,-0.291164183853037,0.4897579301296045,0,0.19209228337621589
1.1600000000000001,1,0.19136590136245366,-0.28994224576926969,0.48779326064462675,0,0.19136590136245366
1.1625000000000001,1,0.19064256805884341,-0.28872521391321976,0.48583295504362245,0,0.19064256805884341
1.165,1,0.18992227121349689,-0.28751307732237602,0.48387705542509329,0,0.18992227121349689
1.1675,1,0.18920499860206325,-0.28630582493004625,0.48192560303632476,0,0.18920499860206325
1.1699999999999999,1,0.1884907380279858,-0.2851034455674758,0.4799786382819603,0,0.1884907380279858
1.1724999999999999,1,0.18777947732275568,-0.28390592796594277,0.47803620073255604,0,0.18777947732275568
1.175,1,0.18707120434615809,-0.28271326075883207,0.4760983291331119,0,0.18707120434615809
1.1775,1,0.18636590698651567,-0.28152543248368972,0.47416506141158132,0,0.18636590698651567
1.1800000000000002,1,0.18566357316092374,-0.28034243158425415,0.4722364346873526,0,0.18566357316092374
1.1825000000000001,1,0.18496419081548521,-0.27916424641246707,0.47031248527970493,0,0.18496419081548521
1.1850000000000001,1,0.18426774792553441,-0.27799086523046357,0.468393248716235,0,0.18426774792553441
1.1875,1,0.18357423249586072,-0.2768222762125408,0.46647875974125397,0,0.18357423249586072
1.1899999999999999,1,0.18288363256092577,-0.27565846744710459,0.46456905232415174,0,0.18288363256092577
1.1924999999999999,1,0.18219593618507535,-0.27449942693859836,0.462664159667731,0,0.18219593618507535
1.1950000000000001,1,0.1815111314627478,-0.2733451426094074,0.46076411421650565,0,0.1815111314627478
1.1975,1,0.18082920651867482,-0.27219560230174544,0.458868947664963,0,0.18082920651867482
1.2000000000000002,1,0.18015014950808222,-0.27105079377951841,0.45697869096579113,0,0.18015014950808222
1.2025000000000001,1,0.17947394861688148,-0.26991070473017015,0.45509337433806951,0,0.17947394861688148
1.2050000000000001,1,0.178800592061858,-0.26877532276650418,0.45321302727541618,0,0.178800592061858
1.2075,1,0.17813006809085868,-0.26764463542848888,0.451337678554104,0,0.17813006809085868
1.21,1,0.17746236498296802,-0.26651863018504057,0.44946735624112627,0,0.17746236498296802
1.2124999999999999,1,0.1767974710486864,-0.26539729443578569,0.44760208770222837,0,0.1767974710486864
1.2149999999999999,1,0.17613537463009898,-0.26428061551280485,0.44574189960989385,0,0.17613537463009898
1.2175,1,0.17547606410104349,-0.26316858068235593,0.44388681795128704,0,0.17547606410104349
1.22,1,0.17481952786727323,-0.2620611771465769,0.442036868036153,0,0.17481952786727323
1.2225000000000001,1,0.17416575436661355,-0.2609583920451703,0.44019207450467046,0,0.17416575436661355
1.2250000000000001,1,0.1735147320691178,-0.25986021245706697,0.43835246133526257,0,0.1735147320691178
1.2275,1,0.17286644947721583,-0.25876662540207063,0.43651805185235648,0,0.17286644947721583
1.23,1,0.17222089512585964,-0.2576776178424835,0.43468886873410068,0,0.17222089512585964
1.2324999999999999,1,0.1715780575826672,-0.25659317668471254,0.43286493402003268,0,0.1715780575826672
1.2349999999999999,1,0.17093792544805669,-0.25551328878085561,0.43104626911869709,0,0.17093792544805669
1.2375,1,0.17030048735538375,-0.25443794093027039,0.42923289481521781,0,0.17030048735538375
1.24,1,0.16966573197106924,-0.25336711988112331,0.42742483127881981,0,0.16966573197106924
1.2425000000000002,1,0.16903364799472678,-0.25230081233191959,0.42562209807029994,0,0.16903364799472678
1.2450000000000001,1,0.16840422415928299,-0.2512390049330156,0.42382471414944872,0,0.16840422415928299
1.2475000000000001,1,0.16777744923109891,-0.25018168428811138,0.42203269788242126,0,0.16777744923109891
1.25,1,0.16715331201008113,-0.24912883695572602,0.42024606704905743,0,0.16715331201008113
1.2524999999999999,1,0.1665318013297962,-0.24808044945065474,0.41846483885015001,0,0.1665318013297962
1.2549999999999999,1,0.16591290605757658,-0.24703650824540677,0.41668902991466117,0,0.16591290605757658
1.2575000000000001,1,0.16529661509462515,-0.24599699977162617,0.41491865630688618,0,0.16529661509462515
1.26,1,0.16468291737611448,-0.24496191042149501,0.41315373353356682,0,0.16468291737611448
1.2625000000000002,1,0.16407180187128506,-0.24393122654911761,0.41139427655094857,0,0.16407180187128506
1.2650000000000001,1,0.16346325758353861,-0.2429049344718891,0.40964029977178901,0,0.16346325758353861
1.2675000000000001,1,0.16285727355052712,-0.24188302047184426,0.40789181707230893,0,0.16285727355052712
1.27,1,0.16225383884424094,-0.24086547079699111,0.40614884179909277,0,0.16225383884424094
1.2725,1,0.16165294257109086,-0.23985227166262613,0.40441138677593441,0,0.16165294257109086
1.2749999999999999,1,0.16105457387198982,-0.23884340925263245,0.40267946431062857,0,0.16105457387198982
1.2774999999999999,1,0.16045872192242858,-0.23783886972076215,0.40095308620171066,0,0.16045872192242858
1.28,1,0.1598653759325494,-0.23683863919189987,0.39923226374513865,0,0.1598653759325494
1.2825,1,0.15927452514721799,-0.23584270376331246,0.39751700774092535,0,0.15927452514721799
1.2850000000000001,1,0.1586861588460895,-0.23485104950587921,0.39580732849971129,0,0.1586861588460895
1.2875000000000001,1,0.15810026634367377,-0.23386366246530815,0.39410323584928864,0,0.15810026634367377
1.29,1,0.15751683698939675,-0.23288052866333459,0.39240473914106649,0,0.15751683698939675
1.2925,1,0.15693586016765879,-0.23190163409890377,0.39071184725648372,0,0.15693586016765879
1.2949999999999999,1,0.15635732529788943,-0.23092696474933827,0.38902456861336654,0,0.15635732529788943
1.2974999999999999,1,0.15578122183460177,-0.22995650657148939,0.38734291117223307,0,0.15578122183460177
1.3,1,0.15520753926744049,-0.22899024550287186,0.38566688244254071,0,0.15520753926744049
1.3025,1,0.15463626712122971,-0.22802816746278445,0.38399648948888176,0,0.15463626712122971
1.3050000000000002,1,0.15406739495601712,-0.22707025835341382,0.38233173893712391,0,0.15406739495601712
1.3075000000000001,1,0.15350091236711491,-0.22611650406092432,0.38067263698049353,0,0.15350091236711491
1.3100000000000001,1,0.1529368089851387,-0.22516689045653165,0.37901918938561069,0,0.1529368089851387
1.3125,1,0.15237507447604387,-0.22422140339756166,0.37737140149846282,0,0.15237507447604387
1.3149999999999999,1,0.15181569854115889,-0.22328002872849545,0.37572927825032992,0,0.15181569854115889
1.3174999999999999,1,0.15125867091721573,-0.22234275228199771,0.37409282416365247,0,0.15125867091721573
1.3200000000000001,1,0.15070398137637825,-0.22140955987993208,0.37246204335784711,0,0.15070398137637825
1.3225,1,0.15015161972626861,-0.22048043733436165,0.37083693955506708,0,0.15015161972626861
1.3250000000000002,1,0.14960157580998987,-0.21955537044853468,0.36921751608590941,0,0.14960157580998987
1.3275000000000001,1,0.14905383950614678,-0.21863434501785631,0.36760377589506965,0,0.14905383950614678
1.3300000000000001,1,0.14850840072886412,-0.21771734683084654,0.36599572154694204,0,0.14850840072886412
1.3325,1,0.14796524942780373,-0.21680436167008438,0.36439335523116617,0,0.14796524942780373
1.335,1,0.14742437558817703,-0.21589537531313688,0.36279667876812149,0,0.14742437558817703
1.3374999999999999,1,0.14688576923075683,-0.21499037353347611,0.36120569361436816,0,0.14688576923075683
1.3399999999999999,1,0.14634942041188664,-0.21408934210138234,0.35962040086803587,0,0.14634942041188664
1.3425,1,0.14581531922348698,-0.21319226678483252,0.35804080127415933,0,0.14581531922348698
1.345,1,0.14528345579306073,-0.21229913335037726,0.35646689522996244,0,0.14528345579306073
1.3475000000000001,1,0.14475382028369496,-0.21140992756400304,0.35489868279008874,0,0.14475382028369496
1.3500000000000001,1,0.14422640289406199,-0.21052463519198283,0.35333616367178261,0,0.14422640289406199
1.3525,1,0.1437011938584169,-0.20964324200171297,0.3517793372600147,0,0.1437011938584169
1.355,1,0.14317818344659425,-0.20876573376253696,0.35022820261256071,0,0.14317818344659425
1.3574999999999999,1,0.14265736196400169,-0.20789209624655811,0.34868275846502417,0,0.14265736196400169
1.3599999999999999,1,0.1421387197516126,-0.20702231522943779,0.34714300323581371,0,0.1421387197516126
1.3625,1,0.14162224718595579,-0.2061563764911834,0.34560893503106288,0,0.14162224718595579
1.365,1,0.14110793467910343,-0.20529426581692148,0.34408055164950652,0,0.14110793467910343
1.3675000000000002,1,0.14059577267865861,-0.20443596899766142,0.34255785058730032,0,0.14059577267865861
1.3700000000000001,1,0.14008575166773821,-0.20358147183104552,0.34104082904279648,0,0.14008575166773821
1.3725000000000001,1,0.13957786216495582,-0.20273076012208702,0.33952948392126481,0,0.13957786216495582
1.375,1,0.13907209472440246,-0.20188381968389804,0.33802381183956737,0,0.13907209472440246
1.3774999999999999,1,0.13856843993562579,-0.20104063633840394,0.33652380913078161,0,0.13856843993562579
1.3799999999999999,1,0.13806688842360715,-0.20020119591704755,0.33502947184877824,0,0.13806688842360715
1.3825000000000001,1,0.13756743084873613,-0.19936548426148099,0.3335407957727462,0,0.13756743084873613
1.385,1,0.13707005790678492,-0.19853348722424732,0.33205777641167267,0,0.13707005790678492
1.3875000000000002,1,0.13657476032887986,-0.19770519066945014,0.33058040900877245,0,0.13657476032887986
1.3900000000000001,1,0.13608152888147226,-0.19688058047341284,0.32910868854587344,0,0.13608152888147226
1.3925000000000001,1,0.1355903543663064,-0.19605964252532643,0.32764260974774967,0,0.1355903543663064
1.395,1,0.13510122762038732,-0.19524236272788661,0.32618216708641068,0,0.13510122762038732
1.3975,1,0.13461413951594475,-0.19442872699792085,0.32472735478534409,0,0.13461413951594475
1.3999999999999999,1,0.13412908096039886,-0.1936187212670038,0.32327816682370947,0,0.13412908096039886
1.4024999999999999,1,0.13364604289632181,-0.19281233148206373,0.3218345969404886,0,0.13364604289632181
1.405,1,0.13316501630139813,-0.19200954360597702,0.32039663863858753,0,0.13316501630139813
1.4075,1,0.13268599218838559,-0.1912103436181542,0.31896428518889453,0,0.13268599218838559
1.4100000000000001,1,0.13220896160507065,-0.19041471751511374,0.31753752963429277,0,0.13220896160507065
1.4125000000000001,1,0.13173391563422798,-0.18962265131104838,0.31611636479362748,0,0.13173391563422798
1.415,1,0.13126084539357338,-0.18883413103837904,0.31470078326562823,0,0.13126084539357338
1.4175,1,0.13078974203571772,-0.18804914274830167,0.31329077743278777,0,0.13078974203571772
1.4199999999999999,1,0.13032059674812113,-0.18726767251132165,0.31188633946519623,0,0.13032059674812113
1.4224999999999999,1,0.12985340075304197,-0.18648970641778104,0.31048746132433308,0,0.12985340075304197
1.425,1,0.1293881453074876,-0.18571523057837486,0.30909413476681241,0,0.1293881453074876
1.4275,1,0.12892482170316294,-0.18494423112465921,0.30770635134809016,0,0.12892482170316294
1.4300000000000002,1,0.12846342126641627,-0.18417669420954849,0.30632410242612301,0,0.12846342126641627
1.4325000000000001,1,0.12800393535818785,-0.18341260600780582,0.30494737916499015,0,0.12800393535818785
1.4350000000000001,1,0.12754635537395251,-0.18265195271652285,0.3035761725384698,0,0.12754635537395251
1.4375,1,0.12709067274366387,-0.18189472055559039,0.3022104733335747,0,0.12709067274366387
1.4399999999999999,1,0.12663687893169731,-0.18114089576816217,0.30085027215404642,0,0.12663687893169731
1.4424999999999999,1,0.12618496543679034,-0.18039046462110764,0.29949555942380957,0,0.12618496543679034
1.4450000000000001,1,0.12573492379198289,-0.17964341340545756,0.29814632539038299,0,0.12573492379198289
1.4475,1,0.12528674556455763,-0.17889972843684157,0.29680256012825373,0,0.12528674556455763
1.4500000000000002,1,0.12484042235597625,-0.17815939605591494,0.29546425354220729,0,0.12484042235597625
1.4525000000000001,1,0.12439594580181737,-0.17742240262878053,0.29413139537062166,0,0.12439594580181737
1.4550000000000001,1,0.12395330757171166,-0.17668873454739936,0.29280397518871876,0,0.12395330757171166
1.4575,1,0.12351249936927775,-0.17595837822999519,0.29148198241178014,0,0.12351249936927775
1.46,1,0.12307351293205515,-0.17523132012144996,0.29016540629832083,0,0.12307351293205515
1.4624999999999999,1,0.12263634003143722,-0.17450754669369248,0.28885423595322651,0,0.12263634003143722
1.4649999999999999,1,0.12220097247260392,-0.17378704444607751,0.2875484603308528,0,0.12220097247260392
1.4675,1,0.12176740209445158,-0.17306979990575944,0.28624806823808535,0,0.12176740209445158
1.47,1,0.12133562076952364,-0.17235579962805653,0.28495304833736451,0,0.12133562076952364
1.4725000000000001,1,0.1209056204039401,-0.17164503019680788,0.28366338914967021,0,0.1209056204039401
1.4750000000000001,1,0.12047739293732465,-0.17093747822472474,0.28237907905747284,0,0.12047739293732465
1.4775,1,0.12005093034273293,-0.17023313035373155,0.2811001063076462,0,0.12005093034273293
1.48,1,0.11962622462657974,-0.1695319732553025,0.27982645901434416,0,0.11962622462657974
1.4824999999999999,1,0.11920326782856239,-0.16883399363078899,0.27855812516184253,0,0.11920326782856239
1.4849999999999999,1,0.11878205202158842,-0.1681391782117414,0.27729509260734442,0,0.11878205202158842
1.4875,1,0.11836256931169839,-0.16744751376022315,0.27603734908375066,0,0.11836256931169839
1.49,1,0.11794481183798797,-0.1667589870691176,0.27478488220239644,0,0.11794481183798797
1.4925000000000002,1,0.11752877177253318,-0.16607358496242897,0.27353767945575147,0,0.11752877177253318
1.4950000000000001,1,0.11711444132031007,-0.16539129429557642,0.27229572822008857,0,0.11711444132031007
1.4975000000000001,1,0.11670181271911712,-0.16471210195568078,0.27105901575811453,0,0.11670181271911712
1.5,1,0.11629087823949436,-0.16403599486184497,0.26982752922157205,0,0.11629087823949436
