iteration,kind,leading_residual_singular_value,mean_squared_projection_error,option_type,original_w_norm,regime_id,selection_score,time_index
1,primal_pod,16.383055788832035,2.2193665341009416,put,,put_T025_s020_r010_q000,,
2,primal_pod,2.7716852063789306,0.0652647076940343,put,,put_T200_s060_r001_q006,,
3,primal_pod,1.165295106251245,0.012259325926264737,put,,put_T200_s020_r001_q010,,
4,primal_pod,0.7901515396469994,0.005524300539426109,put,,put_T100_s040_r010_q000,,
5,primal_pod,0.4238576484362604,0.0016457108733187503,put,,put_T200_s020_r010_q000,,
6,primal_pod,0.353531915401184,0.001265692323912287,put,,put_T050_s020_r001_q010,,
7,primal_pod,0.28121988539461223,0.0008259219250711592,put,,put_T200_s060_r010_q000,,
8,primal_pod,0.1884560806339869,0.0003925111667833091,put,,put_T200_s040_r001_q010,,
9,primal_pod,0.20196411812594825,0.00038147522651195225,put,,put_T025_s020_r010_q000,,
10,primal_pod,0.13943121639310996,0.00018241921901229193,put,,put_T200_s020_r010_q006,,
11,primal_pod,0.10040622789597267,0.00010468494354737661,put,,put_T025_s020_r001_q010,,
12,primal_pod,0.09138858042529567,8.574129728664667e-05,put,,put_T200_s040_r005_q000,,
13,primal_pod,0.08907250222515489,7.886693849224103e-05,put,,put_T200_s040_r005_q010,,
14,primal_pod,0.06948515608335895,5.210514589896159e-05,put,,put_T050_s020_r010_q000,,
15,primal_pod,0.045852927807610896,2.9499189827734688e-05,put,,put_T200_s060_r005_q000,,
16,primal_pod,0.0440434238012897,1.9865834573249322e-05,put,,put_T200_s020_r010_q003,,
17,primal_pod,0.046274664090453436,1.81392119682509e-05,put,,put_T025_s020_r010_q000,,
18,primal_pod,0.03753302817338713,1.4649796826741013e-05,put,,put_T100_s040_r010_q003,,
19,primal_pod,0.03422969119365178,1.1051384324914824e-05,put,,put_T100_s020_r001_q010,,
20,primal_pod,0.028382623689088303,8.420144470428316e-06,put,,put_T200_s060_r005_q006,,
21,primal_pod,0.02307096807693394,5.86500378784937e-06,put,,put_T200_s020_r005_q003,,
22,primal_pod,0.018391638726361847,4.944288137708618e-06,put,,put_T200_s060_r010_q003,,
23,primal_pod,0.018147469300331818,3.089464437033216e-06,put,,put_T025_s020_r001_q010,,
24,primal_pod,0.015992325264858272,2.4960270918382327e-06,put,,put_T100_s040_r010_q006,,
1,dual_angle,,,put,0.03542355166831769,put_T200_s020_r010_q000,0.03542355166831769,1
2,dual_angle,,,put,0.000445409723914405,put_T200_s040_r001_q010,0.9091462982277396,120
3,dual_angle,,,put,0.0017124425379763746,put_T200_s060_r001_q000,0.4995388089154298,75
4,dual_angle,,,put,0.0006180922826864704,put_T050_s060_r001_q000,0.22032287626100877,55
5,dual_angle,,,put,0.0009673913722586747,put_T200_s060_r001_q003,0.1877406935932591,120
6,dual_angle,,,put,0.007428206022972775,put_T100_s040_r005_q000,0.08801488038262659,40
7,dual_angle,,,put,0.010361195586465071,put_T200_s060_r005_q000,0.07725864826456327,111
8,dual_angle,,,put,0.0006433577475596615,put_T200_s060_r001_q006,0.06402425610317142,120
9,dual_angle,,,put,0.0015006852382735165,put_T200_s060_r001_q000,0.05459764650121206,120
10,dual_angle,,,put,0.0009200160144236438,put_T100_s060_r001_q000,0.03314477420964538,115
11,dual_angle,,,put,0.008147914297744393,put_T100_s020_r005_q000,0.032860844595768955,95
12,dual_angle,,,put,0.0006888216676146046,put_T200_s040_r001_q006,0.032171165193942634,112
13,dual_angle,,,put,0.005702608453784161,put_T100_s060_r005_q000,0.02951677749703105,116
14,dual_angle,,,put,0.006834135708894842,put_T100_s040_r005_q000,0.028196514849273772,120
15,dual_angle,,,put,0.0015757028683227176,put_T200_s060_r001_q000,0.020306185270848265,99
16,dual_angle,,,put,0.0019594542722934207,put_T200_s060_r001_q000,0.02019714772901698,45
17,dual_angle,,,put,0.0005447830781336071,put_T050_s060_r001_q000,0.015021657938234506,111
18,dual_angle,,,put,0.01281517178916788,put_T100_s060_r010_q000,0.013191345824370265,95
19,dual_angle,,,put,0.0031188051630386304,put_T200_s020_r001_q000,0.012133021798003693,31
20,dual_angle,,,put,0.0011893462686399998,put_T100_s060_r001_q000,0.011572661615282627,35
21,dual_angle,,,put,0.008482588618790629,put_T100_s020_r005_q000,0.01116601933345117,18
22,dual_angle,,,put,0.014075783520361956,put_T200_s040_r005_q000,0.009957447256388193,42
23,dual_angle,,,put,0.000662393082767359,put_T050_s060_r001_q000,0.00847920836972488,34
24,dual_angle,,,put,0.007235818643238615,put_T100_s040_r005_q000,0.006693620237513319,58
1,primal_pod,16.385324201738733,2.2200485724699925,call,,call_T025_s020_r001_q010,,
2,primal_pod,3.2500069109614222,0.09105293918920644,call,,call_T200_s060_r005_q006,,
3,primal_pod,1.291869953699974,0.014846459429781278,call,,call_T200_s040_r001_q010,,
4,primal_pod,0.9836919895778635,0.008460678547140258,call,,call_T200_s020_r010_q003,,
5,primal_pod,0.6212562027390386,0.003381198129338215,call,,call_T200_s020_r001_q010,,
6,primal_pod,0.43010363597463513,0.0017409469515362562,call,,call_T200_s060_r010_q006,,
7,primal_pod,0.32723980361454746,0.0010794026260888623,call,,call_T200_s040_r005_q006,,
8,primal_pod,0.2794302814384458,0.000775005092546278,call,,call_T200_s060_r010_q003,,
9,primal_pod,0.22397791150715987,0.000724445566913634,call,,call_T025_s020_r010_q003,,
10,primal_pod,0.24104174519785537,0.0005373414113470896,call,,call_T200_s020_r001_q006,,
11,primal_pod,0.1755827997929406,0.00029100889626902887,call,,call_T025_s020_r010_q003,,
12,primal_pod,0.16015305415665965,0.00025663454740429734,call,,call_T200_s040_r005_q010,,
13,primal_pod,0.12241666869340585,0.00018779851006009147,call,,call_T200_s060_r001_q006,,
14,primal_pod,0.1206082612589257,0.00014774689953815791,call,,call_T200_s020_r010_q010,,
15,primal_pod,0.0914500647633115,8.388921278692086e-05,call,,call_T050_s020_r001_q010,,
16,primal_pod,0.08452272328552599,6.67440730924583e-05,call,,call_T100_s020_r010_q006,,
17,primal_pod,0.060641196430528906,5.060665048189434e-05,call,,call_T200_s060_r001_q006,,
18,primal_pod,0.052724194988572635,3.533635452347734e-05,call,,call_T200_s060_r005_q003,,
19,primal_pod,0.05053109652304591,3.101915650327158e-05,call,,call_T100_s040_r001_q010,,
20,primal_pod,0.04399013132707527,2.423644316296723e-05,call,,call_T200_s040_r001_q006,,
21,primal_pod,0.0447013121471715,2.061688863396853e-05,call,,call_T100_s020_r001_q010,,
22,primal_pod,0.025948376115162174,1.5297854477853253e-05,call,,call_T200_s060_r001_q006,,
23,primal_pod,0.034463198469708425,1.2932410567765694e-05,call,,call_T200_s020_r005_q010,,
24,primal_pod,0.03215667199878459,9.90899899423834e-06,call,,call_T200_s020_r010_q006,,
25,primal_pod,0.024131677091718578,8.71769376610172e-06,call,,call_T200_s060_r001_q006,,
26,primal_pod,0.0233285099287008,7.740640486526797e-06,call,,call_T200_s060_r010_q006,,
27,primal_pod,0.022494366572381616,7.143453011771685e-06,call,,call_T200_s040_r001_q010,,
28,primal_pod,0.022157438118828445,5.7888245828497595e-06,call,,call_T100_s020_r010_q010,,
29,primal_pod,0.02482864303948433,5.21703728060481e-06,call,,call_T025_s020_r001_q010,,
30,primal_pod,0.017627439352974766,4.716144974243786e-06,call,,call_T200_s060_r005_q006,,
31,primal_pod,0.01573057728357861,3.5619469972379848e-06,call,,call_T200_s040_r005_q006,,
32,primal_pod,0.01410655801602237,2.7860523906026828e-06,call,,call_T200_s040_r005_q010,,
1,dual_angle,,,call,0.0760694489661282,call_T200_s020_r001_q010,0.0760694489661282,1
2,dual_angle,,,call,1.7672384012807358e-06,call_T025_s060_r010_q003,0.9853498462378868,100
3,dual_angle,,,call,0.001774858898967233,call_T200_s060_r001_q003,0.7736412395317979,118
4,dual_angle,,,call,1.117682160940886e-14,call_T200_s060_r010_q003,0.6031949474657271,72
5,dual_angle,,,call,0.00018970557207459364,call_T200_s060_r005_q003,0.4389980436030694,82
6,dual_angle,,,call,1.2319986936260532e-14,call_T200_s060_r010_q003,0.326118999159587,26
7,dual_angle,,,call,0.014389159796508415,call_T100_s060_r001_q006,0.22060479497020827,89
8,dual_angle,,,call,0.00044087469379280024,call_T200_s060_r005_q003,0.21683807347091763,77
9,dual_angle,,,call,7.798867299302342e-06,call_T050_s040_r010_q003,0.18012337941749232,108
10,dual_angle,,,call,1.4938328525994183e-14,call_T200_s060_r010_q003,0.15600204781134153,77
11,dual_angle,,,call,1.0846601005834913e-14,call_T200_s060_r010_q003,0.12646354809731752,39
12,dual_angle,,,call,1.2323637476108812e-14,call_T200_s060_r005_q003,0.12445636868762704,97
13,dual_angle,,,call,1.1662891768281322e-14,call_T200_s060_r010_q003,0.11553937878776901,41
14,dual_angle,,,call,1.2478103122426165e-14,call_T200_s060_r010_q003,0.10797008795296198,15
15,dual_angle,,,call,1.2328809505268836e-14,call_T200_s060_r010_q003,0.10366640839000728,33
16,dual_angle,,,call,1.2920355388202329e-14,call_T200_s060_r010_q003,0.08888462706863061,20
17,dual_angle,,,call,1.3444708804881732e-14,call_T200_s060_r010_q003,0.08848162477405194,82
18,dual_angle,,,call,0.0646016032920714,call_T200_s040_r001_q010,0.08804362471017804,108
19,dual_angle,,,call,1.1535122864041304e-14,call_T200_s060_r010_q003,0.08030737780376324,40
20,dual_angle,,,call,1.1397925114078697e-14,call_T200_s060_r005_q003,0.07837543664256615,110
21,dual_angle,,,call,1.0251235665416507e-14,call_T200_s060_r005_q003,0.07795085561368033,115
22,dual_angle,,,call,1.1764549881849767e-14,call_T200_s060_r010_q003,0.07212989622887345,73
23,dual_angle,,,call,1.0846174173126109e-14,call_T200_s060_r010_q003,0.06766518659584718,79
24,dual_angle,,,call,1.0088856822150558e-14,call_T200_s060_r005_q003,0.063464720684331,94
25,dual_angle,,,call,1.062323591759683e-14,call_T200_s060_r010_q003,0.06228033391268606,62
26,dual_angle,,,call,1.5957858864341647e-14,call_T200_s060_r005_q003,0.059883324305872496,101
27,dual_angle,,,call,1.381007557463144e-14,call_T200_s060_r010_q003,0.05941601006839367,45
28,dual_angle,,,call,1.0167923089634417e-14,call_T200_s060_r010_q003,0.05771561007014241,103
29,dual_angle,,,call,1.152725766850791e-14,call_T200_s060_r010_q003,0.05507221422584702,89
30,dual_angle,,,call,1.443737411908337e-14,call_T200_s060_r010_q003,0.05322980597737866,91
31,dual_angle,,,call,1.6301466006667482e-14,call_T200_s060_r010_q003,0.052378053493014796,32
32,dual_angle,,,call,1.2219354984415781e-14,call_T200_s060_r005_q003,0.051068779113425465,102
