regime_id,split,option_type,q,solver,converged,numerically_certified,all_steps_theorem_eligible,max_active_components,max_active_set_disagreement_nodes,max_abs_trajectory_difference,trajectory_mae,trajectory_rmse,max_normalized_lcp_residual,max_normalized_obstacle_violation,max_normalized_equation_violation,max_normalized_complementarity,exact_boundary_columns,boundary_found_disagreement_rows,boundary_mae_difference,boundary_max_abs_difference,delta_rmse_difference,delta_max_abs_difference,gamma_rmse_difference,gamma_max_abs_difference,q0_bsm_max_abs_error,q0_false_exercise_nodes,penalty
call_T025_s020_r001_q000,test,call,0.0,policy_iteration,True,True,True,0,0,0.0,0.0,0.0,3.4571738862222505e-16,0.0,3.4571738862222505e-16,2.880728394148509e-19,True,0,0.0,0.0,0.0,0.0,0.0,0.0,0.0005637100485682417,2204,
call_T025_s020_r001_q000,test,call,0.0,psor,True,True,True,0,0,1.1426415369442111e-12,6.65582024385421e-14,2.1323783072661166e-13,5.041747231175161e-13,0.0,5.041747231175161e-13,4.431856217916904e-16,True,0,0.0,0.0,2.915197585005235e-12,1.893019074827862e-11,5.55004734904484e-10,3.638289669538608e-09,0.0005637100493702876,2204,
call_T025_s020_r001_q000,test,call,0.0,projected_lu_single,True,True,True,0,0,1.1102230246251565e-14,1.3987447721860942e-15,2.4298073297101635e-15,3.4569559877883147e-16,0.0,3.4569559877883147e-16,2.735881994834869e-19,True,0,0.0,0.0,1.9469215048227435e-14,9.658940314238862e-14,5.968749342001909e-13,3.197442310920451e-12,0.0005637100485680405,2204,
call_T025_s020_r001_q000,test,call,0.0,penalty_newton,True,True,True,0,0,0.0,0.0,0.0,3.4571738862222505e-16,0.0,3.4571738862222505e-16,2.880728394148509e-19,True,0,0.0,0.0,0.0,0.0,0.0,0.0,0.0005637100485682417,2204,100000000.0
call_T025_s020_r005_q000,test,call,0.0,policy_iteration,True,True,True,0,0,0.0,0.0,0.0,3.447585117858983e-16,0.0,3.447585117858983e-16,1.3857548148050442e-18,True,0,0.0,0.0,0.0,0.0,0.0,0.0,0.0005651037452998539,2185,
call_T025_s020_r005_q000,test,call,0.0,projected_lu_single,True,True,True,0,0,1.0658141036401503e-14,1.221011024667355e-15,2.1333791763999576e-15,3.4501166396948576e-16,0.0,3.4501166396948576e-16,1.303235325151005e-18,True,0,0.0,0.0,1.910810380162581e-14,6.661338147750939e-14,5.952185203614841e-13,2.7977620220553945e-12,0.0005651037452998331,2185,
call_T025_s020_r005_q000,test,call,0.0,psor,True,True,True,0,0,2.0667911826421914e-12,6.500325916611727e-14,2.9029260293582435e-13,9.44741161669035e-13,0.0,9.44741161669035e-13,3.875370700180646e-15,True,0,0.0,0.0,4.323520485266834e-12,2.6965096822095802e-11,9.74977189336333e-10,6.511990946478363e-09,0.0005651037451437912,2185,
call_T025_s020_r005_q000,test,call,0.0,penalty_newton,True,True,True,0,0,0.0,0.0,0.0,3.447585117858983e-16,0.0,3.447585117858983e-16,1.3857548148050442e-18,True,0,0.0,0.0,0.0,0.0,0.0,0.0,0.0005651037452998539,2185,100000000.0
call_T025_s020_r010_q000,test,call,0.0,penalty_newton,True,True,False,0,0,0.0,0.0,0.0,3.438030540054691e-16,0.0,3.438030540054691e-16,2.65794092454757e-18,True,0,0.0,0.0,0.0,0.0,0.0,0.0,0.0005740795462846268,2156,100000000.0
call_T025_s020_r010_q000,test,call,0.0,policy_iteration,True,True,False,0,0,0.0,0.0,0.0,3.438030540054691e-16,0.0,3.438030540054691e-16,2.65794092454757e-18,True,0,0.0,0.0,0.0,0.0,0.0,0.0,0.0005740795462846268,2156,
call_T025_s020_r010_q000,test,call,0.0,projected_lu_single,True,True,False,0,0,1.2878587085651816e-14,1.726622955320364e-15,2.8751088090386583e-15,3.4389897315728617e-16,0.0,3.4389897315728617e-16,2.7722257939769327e-18,True,0,0.0,0.0,1.528482380935727e-14,8.659739592076221e-14,5.952097813866029e-13,2.7977620220553945e-12,0.0005740795462849183,2156,
call_T025_s020_r010_q000,test,call,0.0,psor,True,True,False,0,0,1.5294432387236157e-12,4.3757189751919574e-14,2.1218158090473362e-13,6.931274939474109e-13,0.0,6.931274939474109e-13,5.5361611807555254e-15,True,0,0.0,0.0,3.0910784001647136e-12,1.837197061149709e-11,7.186737145254553e-10,4.870504000109577e-09,0.0005740795463149914,2156,
call_T025_s040_r001_q000,test,call,0.0,projected_lu_single,True,True,True,0,0,4.440892098500626e-15,9.238088623908328e-16,1.394937246865215e-15,4.772431523114209e-16,0.0,4.772431523114209e-16,3.779556858614361e-19,True,0,0.0,0.0,9.175060698880939e-15,3.6637359812630166e-14,3.907206580394284e-13,1.9984014443252818e-12,0.0002737782043506082,1510,
call_T025_s040_r001_q000,test,call,0.0,policy_iteration,True,True,True,0,0,0.0,0.0,0.0,4.775891721499177e-16,0.0,4.775891721499177e-16,3.512662453586227e-19,True,0,0.0,0.0,0.0,0.0,0.0,0.0,0.00027377820435051103,1510,
call_T025_s040_r001_q000,test,call,0.0,penalty_newton,True,True,True,0,0,0.0,0.0,0.0,4.775891721499177e-16,0.0,4.775891721499177e-16,3.512662453586227e-19,True,0,0.0,0.0,0.0,0.0,0.0,0.0,0.00027377820435051103,1510,100000000.0
call_T025_s040_r001_q000,test,call,0.0,psor,True,True,True,0,0,1.446842645691504e-12,4.518351315032574e-14,1.4501792636402407e-13,7.112865887199637e-13,0.0,7.112865887199637e-13,6.565274776121528e-16,True,0,0.0,0.0,3.026953088895094e-12,2.2781776465308212e-11,3.3383516744299406e-10,3.7909675398850595e-09,0.00027377820435063593,1510,
call_T025_s040_r005_q000,test,call,0.0,policy_iteration,True,True,True,0,0,0.0,0.0,0.0,4.085984208031006e-16,0.0,4.085984208031006e-16,1.4324480120843565e-18,True,0,0.0,0.0,0.0,0.0,0.0,0.0,0.00027294491716564617,1499,
call_T025_s040_r005_q000,test,call,0.0,projected_lu_single,True,True,True,0,0,8.881784197001252e-15,1.7690033672951937e-15,2.6866502364209053e-15,4.769805436647545e-16,0.0,4.769805436647545e-16,1.915906661345855e-18,True,0,0.0,0.0,1.306507342070921e-14,6.661338147750939e-14,3.9066335233309244e-13,2.398081733190338e-12,0.00027294491716603475,1499,
call_T025_s040_r005_q000,test,call,0.0,penalty_newton,True,True,True,0,0,0.0,0.0,0.0,4.085984208031006e-16,0.0,4.085984208031006e-16,1.4324480120843565e-18,True,0,0.0,0.0,0.0,0.0,0.0,0.0,0.00027294491716564617,1499,100000000.0
call_T025_s040_r005_q000,test,call,0.0,psor,True,True,True,0,0,1.2434497875801753e-12,2.439321102695045e-14,1.1320991870588704e-13,6.735223680943794e-13,0.0,6.735223680943794e-13,2.761817279944446e-15,True,0,0.0,0.0,2.5313621302309903e-12,2.1043167208745217e-11,2.995909623892641e-10,3.332134568267975e-09,0.0002729449171657433,1499,
call_T025_s040_r010_q000,test,call,0.0,policy_iteration,True,True,True,0,0,0.0,0.0,0.0,5.434219838038209e-16,0.0,5.434219838038209e-16,3.2072038879159757e-18,True,0,0.0,0.0,0.0,0.0,0.0,0.0,0.00027301179781069607,1484,
call_T025_s040_r010_q000,test,call,0.0,projected_lu_single,True,True,True,0,0,1.509903313490213e-14,2.8940213225217724e-15,4.707575574555275e-15,3.4015839964207846e-16,0.0,3.4015839964207846e-16,3.2885081800195383e-18,True,0,0.0,0.0,1.8406576513286202e-14,7.993605777301127e-14,4.029836612653537e-13,2.7977620220553945e-12,0.00027301179781052953,1484,
call_T025_s040_r010_q000,test,call,0.0,psor,True,True,True,0,0,1.1257661469699087e-12,1.9460738474585867e-14,9.61357336972469e-14,5.964640538770754e-13,0.0,5.964640538770754e-13,4.7627134024658504e-15,True,0,0.0,0.0,2.1418921797744977e-12,1.9164669851079452e-11,2.615644438718083e-10,2.9908076015772167e-09,0.0002730117978105018,1484,
call_T025_s040_r010_q000,test,call,0.0,penalty_newton,True,True,True,0,0,0.0,0.0,0.0,5.434219838038209e-16,0.0,5.434219838038209e-16,3.2072038879159757e-18,True,0,0.0,0.0,0.0,0.0,0.0,0.0,0.00027301179781069607,1484,100000000.0
call_T025_s060_r001_q000,test,call,0.0,policy_iteration,True,True,True,0,0,0.0,0.0,0.0,4.871207254908883e-16,0.0,4.871207254908883e-16,4.1047826132562e-19,True,0,0.0,0.0,0.0,0.0,0.0,0.0,0.0001795922740380762,1037,
call_T025_s060_r001_q000,test,call,0.0,psor,True,True,True,0,0,1.758104772875413e-10,2.670207910776979e-11,5.0944672384821536e-11,5.182863034588053e-13,0.0,5.182863034588053e-13,4.3561860673481234e-16,True,0,0.0,0.0,9.785222900566989e-11,2.8808289087578487e-10,2.89080146785598e-10,1.2665868354133636e-09,0.00017959227404168443,1037,
call_T025_s060_r001_q000,test,call,0.0,penalty_newton,True,True,True,0,0,0.0,0.0,0.0,4.871207254908883e-16,0.0,4.871207254908883e-16,4.1047826132562e-19,True,0,0.0,0.0,0.0,0.0,0.0,0.0,0.0001795922740380762,1037,100000000.0
call_T025_s060_r001_q000,test,call,0.0,projected_lu_single,True,True,True,0,0,7.105427357601002e-15,1.3389561730678655e-15,2.029779031983237e-15,5.279895787578506e-16,0.0,5.279895787578506e-16,3.046426383906659e-19,True,0,0.0,0.0,7.401897002140294e-15,3.9968028886505635e-14,4.2165693529874647e-13,2.7977620220553945e-12,0.00017959227403835376,1037,
call_T025_s060_r001_q010,stress_holdout,call,0.1,penalty_newton,False,False,True,1,0,8.055778266680136e-12,3.5242735403976823e-12,4.482314063395461e-12,2.7154308764090343e-12,2.7154308764090343e-12,2.0341396895036447e-17,2.003894168093127e-16,True,0,1.9540673375691616e-09,4.634598549380087e-08,1.1520280777753283e-11,1.1979084391100514e-10,6.935724526024746e-10,7.312950245363936e-09,nan,0,100000000.0
call_T025_s060_r001_q010,stress_holdout,call,0.1,psor,True,True,True,1,0,1.0671003021217872e-11,1.3559098011913105e-13,7.605102719783677e-13,9.857466362054062e-13,0.0,9.857466362054062e-13,1.392263187586477e-14,True,0,1.1897797561980876e-12,8.716338761871611e-11,1.3223712786117084e-11,1.885604634672272e-10,2.4763351554971213e-09,3.0947041300237454e-08,nan,0,
call_T025_s060_r001_q010,stress_holdout,call,0.1,policy_iteration,True,True,True,1,0,0.0,0.0,0.0,2.0341396894981313e-17,0.0,2.0341396894981313e-17,1.0654988348282605e-19,True,0,0.0,0.0,0.0,0.0,0.0,0.0,nan,0,
call_T025_s060_r001_q010,stress_holdout,call,0.1,projected_lu_single,True,True,True,1,0,7.216449660063518e-16,2.1436264414436858e-17,7.699459192458536e-17,2.0341396894981313e-17,0.0,2.0341396894981313e-17,1.3422432192227423e-19,True,0,5.708396718281013e-15,4.2099657093785936e-13,6.011632584265559e-16,7.549516567451064e-15,2.5911503269336662e-14,3.497202527569243e-13,nan,0,
call_T025_s060_r005_q000,test,call,0.0,policy_iteration,True,True,True,0,0,0.0,0.0,0.0,4.865278907714339e-16,0.0,4.865278907714339e-16,1.7579390660362535e-18,True,0,0.0,0.0,0.0,0.0,0.0,0.0,0.0001790747287211819,1028,
call_T025_s060_r005_q000,test,call,0.0,psor,True,True,True,0,0,2.3190560582975195e-10,3.557257291135088e-11,6.747994876169105e-11,6.449298223508697e-13,0.0,6.449298223508697e-13,2.645799695710916e-15,True,0,0.0,0.0,1.2691850599187129e-10,3.620637123447068e-10,3.7005423358019894e-10,1.5779377804392425e-09,0.00017907472872673302,1028,
call_T025_s060_r005_q000,test,call,0.0,penalty_newton,True,True,True,0,0,0.0,0.0,0.0,4.865278907714339e-16,0.0,4.865278907714339e-16,1.7579390660362535e-18,True,0,0.0,0.0,0.0,0.0,0.0,0.0,0.0001790747287211819,1028,100000000.0
call_T025_s060_r005_q000,test,call,0.0,projected_lu_single,True,True,True,0,0,1.9984014443252818e-14,3.426274382240193e-15,5.65904349489865e-15,5.266705248137952e-16,0.0,5.266705248137952e-16,1.8540106810649954e-18,True,0,0.0,0.0,1.1330053742799236e-14,5.3290705182007514e-14,4.364075316799731e-13,3.597122599785507e-12,0.0001790747287210015,1028,
call_T025_s060_r005_q010,stress_holdout,call,0.1,psor,True,True,True,1,0,8.480514901432201e-12,1.2741148286999787e-13,7.195639529192156e-13,9.94503611652369e-13,0.0,9.94503611652369e-13,1.1950618175610557e-14,True,0,4.746277445140852e-13,2.3702151352722467e-11,1.2592747737758197e-11,1.665784177262708e-10,2.3380698654893705e-09,2.637217288992133e-08,nan,0,
call_T025_s060_r005_q010,stress_holdout,call,0.1,penalty_newton,False,False,True,1,0,7.221778730581718e-12,2.9493125140568084e-12,3.840127333739884e-12,2.4343074372747364e-12,2.4343074372747364e-12,3.049143652075282e-17,1.609506215255642e-16,True,0,1.224853209598938e-09,1.7569485200041868e-08,1.0239606811675101e-11,1.0729417354582438e-10,6.169813840322796e-10,6.56155130229763e-09,nan,0,100000000.0
call_T025_s060_r005_q010,stress_holdout,call,0.1,policy_iteration,True,True,True,1,0,0.0,0.0,0.0,3.049143652067868e-17,0.0,3.049143652067868e-17,1.5016709092050357e-19,True,0,0.0,0.0,0.0,0.0,0.0,0.0,nan,0,
call_T025_s060_r005_q010,stress_holdout,call,0.1,projected_lu_single,True,True,True,1,0,6.106226635438361e-16,1.6325668715970028e-17,6.583104385837585e-17,2.032762434711912e-17,0.0,2.032762434711912e-17,1.6017063745400363e-19,True,0,4.574118861455645e-15,2.142730437526552e-13,4.940999647211903e-16,4.9960036108132044e-15,2.796979158075175e-14,4.996003610813204e-13,nan,0,
call_T025_s060_r010_q000,test,call,0.0,penalty_newton,True,True,True,0,0,0.0,0.0,0.0,4.450988764046945e-16,0.0,4.450988764046945e-16,3.2391331814771882e-18,True,0,0.0,0.0,0.0,0.0,0.0,0.0,0.00017874295416085706,1023,100000000.0
call_T025_s060_r010_q000,test,call,0.0,projected_lu_single,True,True,True,0,0,1.199040866595169e-14,1.898062857907208e-15,3.1585958783470836e-15,5.258807733963029e-16,0.0,5.258807733963029e-16,3.895346850630728e-18,True,0,0.0,0.0,1.0993937606272203e-14,5.3290705182007514e-14,4.1960107104115687e-13,2.7977620220553945e-12,0.00017874295416073216,1023,
call_T025_s060_r010_q000,test,call,0.0,policy_iteration,True,True,True,0,0,0.0,0.0,0.0,4.450988764046945e-16,0.0,4.450988764046945e-16,3.2391331814771882e-18,True,0,0.0,0.0,0.0,0.0,0.0,0.0,0.00017874295416085706,1023,
call_T025_s060_r010_q000,test,call,0.0,psor,True,True,True,0,0,2.384261676979804e-10,3.692564982833029e-11,6.97132982482234e-11,6.471065693862601e-13,0.0,6.471065693862601e-13,5.1705573325075236e-15,True,0,0.0,0.0,1.2934869982880406e-10,3.623767952376511e-10,3.7485870400536857e-10,1.5759393789949172e-09,0.00017874295416758779,1023,
call_T025_s060_r010_q010,stress_holdout,call,0.1,penalty_newton,False,False,True,1,0,6.1808336226931715e-12,2.2440388059971195e-12,3.063975476242587e-12,2.083427063829159e-12,2.083427063829159e-12,3.046565229998413e-17,1.177835925247702e-16,True,0,1.8638524501568552e-09,3.569902173872208e-08,8.647022785625458e-12,9.166667425120067e-11,5.203754144561776e-10,5.625500065775668e-09,nan,0,100000000.0
call_T025_s060_r010_q010,stress_holdout,call,0.1,psor,True,True,True,1,0,1.0650232771417099e-11,9.808989894762201e-14,5.612484798831049e-13,9.979684499972177e-13,0.0,9.979684499972177e-13,5.1260055167575835e-15,True,0,1.2343219039460488e-12,2.8889113323771198e-11,1.0335348508580802e-11,1.987217924936946e-10,1.79260981066082e-09,3.025780097049707e-08,nan,0,
call_T025_s060_r010_q010,stress_holdout,call,0.1,projected_lu_single,True,True,True,1,0,3.3306690738754696e-16,1.1236477224985736e-17,3.8694782875760274e-17,3.0465652299920665e-17,0.0,3.0465652299920665e-17,1.6535378309832603e-19,True,0,1.6684801688408394e-14,1.1575185254741882e-12,6.459719844018789e-16,6.661338147750939e-15,3.740658124833196e-14,4.996003610813204e-13,nan,0,
call_T025_s060_r010_q010,stress_holdout,call,0.1,policy_iteration,True,True,True,1,0,0.0,0.0,0.0,3.0465652299920665e-17,0.0,3.0465652299920665e-17,1.8274257350739847e-19,True,0,0.0,0.0,0.0,0.0,0.0,0.0,nan,0,
call_T050_s020_r001_q000,test,call,0.0,policy_iteration,True,True,True,0,0,0.0,0.0,0.0,3.743697845419315e-16,0.0,3.743697845419315e-16,5.706170321832163e-19,True,0,0.0,0.0,0.0,0.0,0.0,0.0,0.00039213628641696086,1882,
call_T050_s020_r001_q000,test,call,0.0,penalty_newton,True,True,True,0,0,0.0,0.0,0.0,3.743697845419315e-16,0.0,3.743697845419315e-16,5.706170321832163e-19,True,0,0.0,0.0,0.0,0.0,0.0,0.0,0.00039213628641696086,1882,100000000.0
call_T050_s020_r001_q000,test,call,0.0,psor,True,True,True,0,0,8.553158181712206e-13,1.812342525797878e-14,9.46094038160812e-14,4.674568152650935e-13,0.0,4.674568152650935e-13,7.791817099401849e-16,True,0,0.0,0.0,1.6678751628962704e-12,1.2969625373671079e-11,3.0680448714268837e-10,2.617106531488389e-09,0.0003921362864162392,1882,
call_T050_s020_r001_q000,test,call,0.0,projected_lu_single,True,True,True,0,0,6.661338147750939e-15,1.1002438466386223e-15,1.7614508209320184e-15,4.682365107081709e-16,0.0,4.682365107081709e-16,6.174616618556531e-19,True,0,0.0,0.0,1.1535162810231414e-14,5.3290705182007514e-14,4.3042809883009527e-13,2.398081733190338e-12,0.00039213628641737025,1882,
call_T050_s020_r005_q000,test,call,0.0,psor,True,True,True,0,0,1.9539925233402755e-12,3.1290233666341884e-14,1.801515238211263e-13,9.995935816289132e-13,0.0,9.995935816289132e-13,8.039990323377189e-15,True,0,0.0,0.0,3.1085684805810125e-12,2.757793993168889e-11,5.882516620695683e-10,6.015188347419098e-09,0.00039405183274660027,1847,
call_T050_s020_r005_q000,test,call,0.0,policy_iteration,True,True,True,0,0,0.0,0.0,0.0,4.656137301583582e-16,0.0,4.656137301583582e-16,2.934000011863454e-18,True,0,0.0,0.0,0.0,0.0,0.0,0.0,0.0003940518327464615,1847,
call_T050_s020_r005_q000,test,call,0.0,penalty_newton,True,True,True,0,0,0.0,0.0,0.0,4.656137301583582e-16,0.0,4.656137301583582e-16,2.934000011863454e-18,True,0,0.0,0.0,0.0,0.0,0.0,0.0,0.0003940518327464615,1847,100000000.0
call_T050_s020_r005_q000,test,call,0.0,projected_lu_single,True,True,True,0,0,1.3322676295501878e-14,1.9519217720550115e-15,3.3393591289852674e-15,4.640811379084924e-16,0.0,4.640811379084924e-16,3.3877788063382046e-18,True,0,0.0,0.0,1.5796658924053027e-14,6.661338147750939e-14,4.1867142906484907e-13,2.398081733190338e-12,0.0003940518327462672,1847,
call_T050_s020_r010_q000,test,call,0.0,penalty_newton,True,True,False,0,0,0.0,0.0,0.0,4.586053899083257e-16,0.0,4.586053899083257e-16,6.4632741335772136e-18,True,0,0.0,0.0,0.0,0.0,0.0,0.0,0.00040674885146931017,1810,100000000.0
call_T050_s020_r010_q000,test,call,0.0,policy_iteration,True,True,False,0,0,0.0,0.0,0.0,4.586053899083257e-16,0.0,4.586053899083257e-16,6.4632741335772136e-18,True,0,0.0,0.0,0.0,0.0,0.0,0.0,0.00040674885146931017,1810,
call_T050_s020_r010_q000,test,call,0.0,psor,True,True,False,0,0,1.666666804567285e-12,3.2434215800903674e-14,1.7506095646714923e-13,8.881898672318536e-13,0.0,8.881898672318536e-13,1.3445976557914647e-14,True,0,0.0,0.0,2.9621107769764938e-12,2.1256330029473247e-11,5.7473408056265e-10,5.141487235960085e-09,0.0004067488514691228,1810,
call_T050_s020_r010_q000,test,call,0.0,projected_lu_single,True,True,False,0,0,8.43769498715119e-15,1.703082281453409e-15,2.6243047492316716e-15,3.7143407168471714e-16,0.0,3.7143407168471714e-16,5.1706192894891346e-18,True,0,0.0,0.0,1.3473300086966557e-14,7.327471962526033e-14,4.2130764768901636e-13,1.9984014443252818e-12,0.0004067488514694212,1810,
call_T050_s040_r001_q000,test,call,0.0,psor,True,True,True,0,0,1.435860319531912e-10,2.0752692903640787e-11,4.023594807870095e-11,4.860633909348378e-13,0.0,4.860633909348378e-13,8.109975241751039e-16,True,0,0.0,0.0,7.877970942816995e-11,2.2148283207457098e-10,2.55470207031088e-10,1.2969625373671079e-09,0.0001909305147463486,1105,
call_T050_s040_r001_q000,test,call,0.0,projected_lu_single,True,True,True,0,0,1.2212453270876722e-14,2.6103827456473585e-15,3.962578932019077e-15,5.302027716769432e-16,0.0,5.302027716769432e-16,7.8529212359827185e-19,True,0,0.0,0.0,1.4810400720302108e-14,5.995204332975845e-14,4.415868986928026e-13,3.197442310920451e-12,0.00019093051474539102,1105,
call_T050_s040_r001_q000,test,call,0.0,penalty_newton,True,True,True,0,0,0.0,0.0,0.0,5.298634664423168e-16,0.0,5.298634664423168e-16,8.074061056551181e-19,True,0,0.0,0.0,0.0,0.0,0.0,0.0,0.00019093051474519673,1105,100000000.0
call_T050_s040_r001_q000,test,call,0.0,policy_iteration,True,True,True,0,0,0.0,0.0,0.0,5.298634664423168e-16,0.0,5.298634664423168e-16,8.074061056551181e-19,True,0,0.0,0.0,0.0,0.0,0.0,0.0,0.00019093051474519673,1105,
call_T050_s040_r005_q000,test,call,0.0,psor,True,True,True,0,0,1.635513946496303e-10,2.4014466859995074e-11,4.616336165008249e-11,5.091006820633267e-13,0.0,5.091006820633267e-13,4.065615966284988e-15,True,0,0.0,0.0,8.812191516802139e-11,2.391287168279632e-10,2.842479894697264e-10,1.3461232128975098e-09,0.0001903269328352719,1087,
call_T050_s040_r005_q000,test,call,0.0,penalty_newton,True,True,True,0,0,0.0,0.0,0.0,4.836355802307015e-16,0.0,4.836355802307015e-16,4.4920076959832565e-18,True,0,0.0,0.0,0.0,0.0,0.0,0.0,0.00019032693283287105,1087,100000000.0
call_T050_s040_r005_q000,test,call,0.0,policy_iteration,True,True,True,0,0,0.0,0.0,0.0,4.836355802307015e-16,0.0,4.836355802307015e-16,4.4920076959832565e-18,True,0,0.0,0.0,0.0,0.0,0.0,0.0,0.00019032693283287105,1087,
call_T050_s040_r005_q000,test,call,0.0,projected_lu_single,True,True,True,0,0,1.0436096431476471e-14,1.881536487138564e-15,3.0203130549077958e-15,5.276749868548905e-16,0.0,5.276749868548905e-16,3.2892717121869523e-18,True,0,0.0,0.0,9.843149327169775e-15,5.3290705182007514e-14,4.377759064653355e-13,2.7977620220553945e-12,0.00019032693283313473,1087,
call_T050_s040_r010_q000,test,call,0.0,projected_lu_single,True,True,True,0,0,5.329070518200751e-15,9.974448546452392e-16,1.5785925364809676e-15,5.211380951432352e-16,0.0,5.211380951432352e-16,7.276416747392046e-18,True,0,0.0,0.0,9.705946142054904e-15,4.3298697960381105e-14,4.147653008083524e-13,2.398081733190338e-12,0.00019102745107835162,1070,
call_T050_s040_r010_q000,test,call,0.0,penalty_newton,True,True,True,0,0,0.0,0.0,0.0,5.645662697385049e-16,0.0,5.645662697385049e-16,7.882786992240835e-18,True,0,0.0,0.0,0.0,0.0,0.0,0.0,0.00019102745107858754,1070,100000000.0
call_T050_s040_r010_q000,test,call,0.0,psor,True,True,True,0,0,1.5801404629200988e-10,2.3597028920300578e-11,4.5013823883953e-11,4.831655669051005e-13,0.0,4.831655669051005e-13,7.321760166139503e-15,True,0,0.0,0.0,8.444777694956063e-11,2.2565282975506307e-10,2.727095793882926e-10,1.2593925902137926e-09,0.00019102745108146024,1070,
call_T050_s040_r010_q000,test,call,0.0,policy_iteration,True,True,True,0,0,0.0,0.0,0.0,5.645662697385049e-16,0.0,5.645662697385049e-16,7.882786992240835e-18,True,0,0.0,0.0,0.0,0.0,0.0,0.0,0.00019102745107858754,1070,
call_T050_s060_r001_q000,test,call,0.0,penalty_newton,True,True,True,0,0,0.0,0.0,0.0,4.2277354689623107e-16,0.0,4.2277354689623107e-16,8.366758043503997e-19,True,0,0.0,0.0,0.0,0.0,0.0,0.0,0.00012292527758522853,654,100000000.0
call_T050_s060_r001_q000,test,call,0.0,policy_iteration,True,True,True,0,0,0.0,0.0,0.0,4.2277354689623107e-16,0.0,4.2277354689623107e-16,8.366758043503997e-19,True,0,0.0,0.0,0.0,0.0,0.0,0.0,0.00012292527758522853,654,
call_T050_s060_r001_q000,test,call,0.0,psor,True,True,True,0,0,4.240785500542188e-10,8.91502157029621e-11,1.525926680747246e-10,9.992867990642746e-13,0.0,9.992867990642746e-13,1.3659342804125929e-15,True,0,0.0,0.0,2.5535629109160663e-10,7.853717676198357e-10,5.849797238970872e-10,2.034772350612002e-09,0.00012292527812696186,654,
call_T050_s060_r001_q000,test,call,0.0,projected_lu_single,True,True,True,0,0,1.554312234475219e-14,2.5349313126787962e-15,4.297517068115664e-15,5.630027503376438e-16,0.0,5.630027503376438e-16,8.843154542305292e-19,True,0,0.0,0.0,1.094820880868305e-14,5.995204332975845e-14,5.535853346524934e-13,3.597122599785507e-12,0.00012292527758533955,654,
call_T050_s060_r001_q010,stress_holdout,call,0.1,penalty_newton,False,False,True,1,0,1.611066835494057e-11,6.969579460692973e-12,8.91487317040272e-12,5.4305623668339e-12,5.4305623668339e-12,3.531032485464096e-17,4.637783848992275e-16,True,0,3.969287794743556e-09,1.7348029657249242e-07,2.318380206778011e-11,2.3958834916015803e-10,1.3983891156759477e-09,1.4623902089283547e-08,nan,0,100000000.0
call_T050_s060_r001_q010,stress_holdout,call,0.1,psor,True,True,True,1,0,1.435920826686754e-11,1.373862590599927e-13,8.245467683678016e-13,9.953009542535852e-13,0.0,9.953009542535852e-13,2.8383718589233857e-14,True,0,3.1889861122162224e-13,2.832289958121237e-11,1.7376902871674225e-11,3.269160706032004e-10,2.444279199665026e-09,3.962477856944702e-08,nan,0,
call_T050_s060_r001_q010,stress_holdout,call,0.1,projected_lu_single,True,True,True,1,0,5.551115123125783e-16,1.2186663578429872e-17,4.72736796846043e-17,2.354021656963308e-17,0.0,2.354021656963308e-17,1.5392324784253208e-19,True,0,6.3449245857327695e-15,7.240874566605271e-13,5.958919126598645e-16,8.326672684688674e-15,3.5407012020015066e-14,4.996003610813204e-13,nan,0,
call_T050_s060_r001_q010,stress_holdout,call,0.1,policy_iteration,True,True,True,1,0,0.0,0.0,0.0,2.942527071204135e-17,0.0,2.942527071204135e-17,1.6474395665116943e-19,True,0,0.0,0.0,0.0,0.0,0.0,0.0,nan,0,
call_T050_s060_r005_q000,test,call,0.0,policy_iteration,True,True,True,0,0,0.0,0.0,0.0,4.693354150586762e-16,0.0,4.693354150586762e-16,3.597272741822956e-18,True,0,0.0,0.0,0.0,0.0,0.0,0.0,0.00012222863334099276,642,
call_T050_s060_r005_q000,test,call,0.0,psor,True,True,True,0,0,3.818514393572059e-10,7.608907432577392e-11,1.3042315759900006e-10,7.741091913745044e-13,0.0,7.741091913745044e-13,6.400566556921641e-15,True,0,0.0,0.0,2.1485698310297304e-10,6.676859065635199e-10,4.842590338848647e-10,1.6215029319255336e-09,0.00012222863387462146,642,
call_T050_s060_r005_q000,test,call,0.0,penalty_newton,True,True,True,0,0,0.0,0.0,0.0,4.693354150586762e-16,0.0,4.693354150586762e-16,3.597272741822956e-18,True,0,0.0,0.0,0.0,0.0,0.0,0.0,0.00012222863334099276,642,100000000.0
call_T050_s060_r005_q000,test,call,0.0,projected_lu_single,True,True,True,0,0,1.2434497875801753e-14,2.33820627052729e-15,3.669393554351193e-15,4.897028641948483e-16,0.0,4.897028641948483e-16,3.7753270823659865e-18,True,0,0.0,0.0,1.1042118939610345e-14,5.995204332975845e-14,5.710206936491223e-13,3.597122599785507e-12,0.0001222286333406042,642,
call_T050_s060_r005_q010,stress_holdout,call,0.1,penalty_newton,False,False,True,1,0,1.4444445639583137e-11,5.8258522057020394e-12,7.641967210743358e-12,4.868914260533641e-12,4.868914260533641e-12,3.5282660619216773e-17,3.725055855884041e-16,True,0,2.5007369286456083e-09,3.6836082406566106e-08,2.0594389504059584e-11,2.14581685753501e-10,1.2431037085833512e-09,1.3125101006039586e-08,nan,0,100000000.0
call_T050_s060_r005_q010,stress_holdout,call,0.1,policy_iteration,True,True,True,1,0,0.0,0.0,0.0,3.5282660619045215e-17,0.0,3.5282660619045215e-17,2.2625457642177945e-19,True,0,0.0,0.0,0.0,0.0,0.0,0.0,nan,0,
call_T050_s060_r005_q010,stress_holdout,call,0.1,psor,True,True,True,1,0,1.3141432386731822e-11,1.1951084085636992e-13,7.352080992783198e-13,9.736441312237213e-13,0.0,9.736441312237213e-13,2.2170323289936495e-14,True,0,9.503694127962111e-14,2.9529712008979914e-12,1.5169771853846367e-11,2.7957802739564386e-10,2.192098246186668e-09,3.667934400652939e-08,nan,0,
call_T050_s060_r005_q010,stress_holdout,call,0.1,projected_lu_single,True,True,True,1,0,1.5543122344752192e-15,7.304902885463461e-17,2.2829230557641385e-16,3.5282660619045215e-17,0.0,3.5282660619045215e-17,1.8478281429290294e-19,True,0,8.117580681717602e-15,2.5490720645393594e-13,1.263997197362765e-15,1.1657341758564144e-14,4.146952797464689e-14,4.996003610813204e-13,nan,0,
call_T050_s060_r010_q000,test,call,0.0,penalty_newton,True,True,True,0,0,0.0,0.0,0.0,6.477019176184712e-16,0.0,6.477019176184712e-16,9.017456564748195e-18,True,0,0.0,0.0,0.0,0.0,0.0,0.0,0.00012184041313315075,634,100000000.0
call_T050_s060_r010_q000,test,call,0.0,policy_iteration,True,True,True,0,0,0.0,0.0,0.0,6.477019176184712e-16,0.0,6.477019176184712e-16,9.017456564748195e-18,True,0,0.0,0.0,0.0,0.0,0.0,0.0,0.00012184041313315075,634,
call_T050_s060_r010_q000,test,call,0.0,projected_lu_single,True,True,True,0,0,1.8207657603852567e-14,3.1824309631869607e-15,5.4622782192094584e-15,5.614862592026888e-16,0.0,5.614862592026888e-16,8.60649271371912e-18,True,0,0.0,0.0,1.124208293205997e-14,6.661338147750939e-14,5.551030887933784e-13,3.597122599785507e-12,0.00012184041313276217,634,
call_T050_s060_r010_q000,test,call,0.0,psor,True,True,True,0,0,3.663820358212888e-10,7.460109993067484e-11,1.270706619293421e-10,7.488407648027639e-13,0.0,7.488407648027639e-13,1.1507770557804728e-14,True,0,0.0,0.0,2.063157056824483e-10,6.226086313176893e-10,4.5936960862477646e-10,1.5075940495989926e-09,0.00012184041375587484,634,
call_T050_s060_r010_q010,stress_holdout,call,0.1,penalty_newton,False,False,True,1,0,1.2360779066966643e-11,4.435450647286317e-12,6.10168942832807e-12,4.1665547416741494e-12,4.1665547416741494e-12,4.699752163058654e-17,2.725268611966819e-16,True,0,2.879706402965828e-09,1.3375836793727558e-07,1.7503491803482544e-11,1.833266871642536e-10,1.0566549248847338e-09,1.1249801090684741e-08,nan,0,100000000.0
call_T050_s060_r010_q010,stress_holdout,call,0.1,psor,True,True,True,1,0,1.2445124791815587e-11,1.2970281593040138e-13,6.945470353665828e-13,9.919943131232678e-13,0.0,9.919943131232678e-13,1.2115946803613607e-14,True,0,6.578867080738367e-13,6.157785392701953e-11,1.4673544388257894e-11,2.354216821487398e-10,1.869244248455269e-09,3.8261537493866626e-08,nan,0,
call_T050_s060_r010_q010,stress_holdout,call,0.1,projected_lu_single,True,True,True,1,0,1.3322676295501878e-15,5.736296609519607e-17,1.8012655986823896e-16,5.874690203798837e-17,0.0,5.874690203798837e-17,2.352224868245668e-19,True,0,3.5286588466002894e-15,9.903189379656396e-14,1.10222656570415e-15,9.992007221626409e-15,5.091714688402349e-14,5.995204332975845e-13,nan,0,
call_T050_s060_r010_q010,stress_holdout,call,0.1,policy_iteration,True,True,True,1,0,0.0,0.0,0.0,4.6997521630390697e-17,0.0,4.6997521630390697e-17,2.936086325067905e-19,True,0,0.0,0.0,0.0,0.0,0.0,0.0,nan,0,
call_T100_s020_r001_q000,test,call,0.0,psor,True,True,True,0,0,9.849898674474389e-13,1.9795555081932656e-14,8.971902636053367e-14,5.333660482538481e-13,0.0,5.333660482538481e-13,1.7597590897744787e-15,True,0,0.0,0.0,2.006367571653516e-12,1.666666804567285e-11,2.3739394931728846e-10,2.637490226220507e-09,0.0002730866144285138,1501,
call_T100_s020_r001_q000,test,call,0.0,penalty_newton,True,True,True,0,0,0.0,0.0,0.0,4.759680319977825e-16,0.0,4.759680319977825e-16,1.2353791025624628e-18,True,0,0.0,0.0,0.0,0.0,0.0,0.0,0.00027308661442834725,1501,100000000.0
call_T100_s020_r001_q000,test,call,0.0,projected_lu_single,True,True,True,0,0,4.884981308350689e-15,6.506461717457262e-16,1.0786637709915447e-15,4.766676943145544e-16,0.0,4.766676943145544e-16,1.3402930232170147e-18,True,0,0.0,0.0,8.948579204671348e-15,5.3290705182007514e-14,4.03309567802735e-13,2.398081733190338e-12,0.0002730866144284444,1501,
call_T100_s020_r001_q000,test,call,0.0,policy_iteration,True,True,True,0,0,0.0,0.0,0.0,4.759680319977825e-16,0.0,4.759680319977825e-16,1.2353791025624628e-18,True,0,0.0,0.0,0.0,0.0,0.0,0.0,0.00027308661442834725,1501,
call_T100_s020_r005_q000,test,call,0.0,penalty_newton,True,True,True,0,0,0.0,0.0,0.0,4.049914029995438e-16,0.0,4.049914029995438e-16,5.709815350657423e-18,True,0,0.0,0.0,0.0,0.0,0.0,0.0,0.00027817400851834484,1458,100000000.0
call_T100_s020_r005_q000,test,call,0.0,psor,True,True,True,0,0,1.0693668173189508e-12,1.5551180471460662e-14,8.66823674745124e-14,5.558571168389089e-13,0.0,5.558571168389089e-13,8.414932130801308e-15,True,0,0.0,0.0,1.9198433178294834e-12,1.8185453143360064e-11,2.416259278049298e-10,2.836531010075305e-09,0.00027817400851858076,1458,
call_T100_s020_r005_q000,test,call,0.0,projected_lu_single,True,True,True,0,0,1.4210854715202004e-14,2.405018848792334e-15,3.979785980049514e-15,3.3926825978937316e-16,0.0,3.3926825978937316e-16,6.4286861856401734e-18,True,0,0.0,0.0,1.0419337703372585e-14,5.3290705182007514e-14,3.784650078579063e-13,2.398081733190338e-12,0.000278174008518442,1458,
call_T100_s020_r005_q000,test,call,0.0,policy_iteration,True,True,True,0,0,0.0,0.0,0.0,4.049914029995438e-16,0.0,4.049914029995438e-16,5.709815350657423e-18,True,0,0.0,0.0,0.0,0.0,0.0,0.0,0.00027817400851834484,1458,
call_T100_s020_r010_q000,test,call,0.0,penalty_newton,True,True,False,0,0,0.0,0.0,0.0,3.965283091965101e-16,0.0,3.965283091965101e-16,1.0909805168652843e-17,True,0,0.0,0.0,0.0,0.0,0.0,0.0,0.0002988784148147683,1404,100000000.0
call_T100_s020_r010_q000,test,call,0.0,psor,True,True,False,0,0,1.141753358524511e-12,1.5472449678382324e-14,8.861049453014043e-14,5.840268118611216e-13,0.0,5.840268118611216e-13,1.5931031107386185e-14,True,0,0.0,0.0,1.9402874233737057e-12,1.923128323255696e-11,2.518138770195132e-10,3.0455638011517294e-09,0.00029887841481460176,1404,
call_T100_s020_r010_q000,test,call,0.0,projected_lu_single,True,True,False,0,0,8.881784197001252e-15,1.04679239576333e-15,1.982278132057172e-15,4.026604635971452e-16,0.0,4.026604635971452e-16,1.0816715539928047e-17,True,0,0.0,0.0,1.1076417695582562e-14,5.995204332975845e-14,3.9210241950390434e-13,2.7977620220553945e-12,0.00029887841481490707,1404,
call_T100_s020_r010_q000,test,call,0.0,policy_iteration,True,True,False,0,0,0.0,0.0,0.0,3.965283091965101e-16,0.0,3.965283091965101e-16,1.0909805168652843e-17,True,0,0.0,0.0,0.0,0.0,0.0,0.0,0.0002988784148147683,1404,
call_T100_s040_r001_q000,test,call,0.0,projected_lu_single,True,True,True,0,0,8.43769498715119e-15,1.7746558158241083e-15,2.6368350081053898e-15,4.3929840103963037e-16,0.0,4.3929840103963037e-16,1.30156708732963e-18,True,0,0.0,0.0,7.803587848343365e-15,5.995204332975845e-14,5.36812691961942e-13,3.597122599785507e-12,0.00013098071148076595,712,
call_T100_s040_r001_q000,test,call,0.0,psor,True,True,True,0,0,4.2818637524533187e-10,8.078752123239922e-11,1.413962967204206e-10,9.198208609929013e-13,0.0,9.198208609929013e-13,3.1476456972233754e-15,True,0,0.0,0.0,2.4068009368124994e-10,7.593525808147206e-10,5.638557215627441e-10,1.9740209467045133e-09,0.00013098071176512183,712,
call_T100_s040_r001_q000,test,call,0.0,policy_iteration,True,True,True,0,0,0.0,0.0,0.0,4.1463719228933635e-16,0.0,4.1463719228933635e-16,1.5613436240880903e-18,True,0,0.0,0.0,0.0,0.0,0.0,0.0,0.0001309807114814876,712,
call_T100_s040_r001_q000,test,call,0.0,penalty_newton,True,True,True,0,0,0.0,0.0,0.0,4.1463719228933635e-16,0.0,4.1463719228933635e-16,1.5613436240880903e-18,True,0,0.0,0.0,0.0,0.0,0.0,0.0,0.0001309807114814876,712,100000000.0
call_T100_s040_r005_q000,test,call,0.0,projected_lu_single,True,True,True,0,0,1.509903313490213e-14,3.481455991935052e-15,5.1293556798038176e-15,4.33857761444822e-16,0.0,4.33857761444822e-16,6.783442843188985e-18,True,0,0.0,0.0,9.613736408461449e-15,5.995204332975845e-14,5.368233702058371e-13,3.597122599785507e-12,0.0001302365911051151,697,
call_T100_s040_r005_q000,test,call,0.0,penalty_newton,True,True,True,0,0,0.0,0.0,0.0,4.367031846914009e-16,0.0,4.367031846914009e-16,6.0575373508411475e-18,True,0,0.0,0.0,0.0,0.0,0.0,0.0,0.00013023659110555919,697,100000000.0
call_T100_s040_r005_q000,test,call,0.0,psor,True,True,True,0,0,4.2279468814854226e-10,8.279277070689038e-11,1.4324430343845238e-10,8.913067727458623e-13,0.0,8.913067727458623e-13,1.3596817173178171e-14,True,0,0.0,0.0,2.3686271799158057e-10,7.082401332070276e-10,5.410726583954477e-10,1.822142436935792e-09,0.00013023659151295552,697,
call_T100_s040_r005_q000,test,call,0.0,policy_iteration,True,True,True,0,0,0.0,0.0,0.0,4.367031846914009e-16,0.0,4.367031846914009e-16,6.0575373508411475e-18,True,0,0.0,0.0,0.0,0.0,0.0,0.0,0.00013023659110555919,697,
call_T100_s040_r010_q000,test,call,0.0,projected_lu_single,True,True,True,0,0,6.661338147750939e-15,8.966513238602499e-16,1.4127321547616683e-15,3.8154138414034157e-16,0.0,3.8154138414034157e-16,1.01534253897232e-17,True,0,0.0,0.0,8.45253987887393e-15,4.6629367034256575e-14,5.17136345952108e-13,3.597122599785507e-12,0.000131465491926247,674,
call_T100_s040_r010_q000,test,call,0.0,penalty_newton,True,True,True,0,0,0.0,0.0,0.0,4.2567561312410987e-16,0.0,4.2567561312410987e-16,1.2926263045740403e-17,True,0,0.0,0.0,0.0,0.0,0.0,0.0,0.000131465491926136,674,100000000.0
call_T100_s040_r010_q000,test,call,0.0,psor,True,True,True,0,0,3.761386757616947e-10,7.628725737178236e-11,1.3044870728484487e-10,8.064184562621384e-13,0.0,8.064184562621384e-13,2.204719334136365e-14,True,0,0.0,0.0,2.1010982411772555e-10,5.998868068957108e-10,4.719759212535716e-10,1.5447643164634428e-09,0.00013146549246897954,674,
call_T100_s040_r010_q000,test,call,0.0,policy_iteration,True,True,True,0,0,0.0,0.0,0.0,4.2567561312410987e-16,0.0,4.2567561312410987e-16,1.2926263045740403e-17,True,0,0.0,0.0,0.0,0.0,0.0,0.0,0.000131465491926136,674,
call_T100_s060_r001_q000,test,call,0.0,psor,True,True,True,0,0,5.365858868344731e-10,1.3323198196697792e-10,2.0827799957684403e-10,9.99651552158218e-13,0.0,9.99651552158218e-13,5.3311513669023385e-15,True,0,0.0,0.0,3.0714049035175426e-10,9.65927338114625e-10,6.195511857685649e-10,1.8557155812004567e-09,8.133157961548454e-05,340,
call_T100_s060_r001_q000,test,call,0.0,projected_lu_single,True,True,True,0,0,1.4654943925052066e-14,3.2035861158414814e-15,5.04492752221278e-15,5.092510487667002e-16,0.0,5.092510487667002e-16,1.4837995806128418e-18,True,0,0.0,0.0,1.178318068583359e-14,6.661338147750939e-14,6.894115991116978e-13,5.595524044110789e-12,8.133157315964867e-05,340,
call_T100_s060_r001_q000,test,call,0.0,policy_iteration,True,True,True,0,0,0.0,0.0,0.0,4.078302147307974e-16,0.0,4.078302147307974e-16,1.8868196523822064e-18,True,0,0.0,0.0,0.0,0.0,0.0,0.0,8.133157315928785e-05,340,
call_T100_s060_r001_q000,test,call,0.0,penalty_newton,True,True,True,0,0,0.0,0.0,0.0,4.078302147307974e-16,0.0,4.078302147307974e-16,1.8868196523822064e-18,True,0,0.0,0.0,0.0,0.0,0.0,0.0,8.133157315928785e-05,340,100000000.0
call_T100_s060_r001_q010,stress_holdout,call,0.1,policy_iteration,True,True,True,1,0,0.0,0.0,0.0,3.193637411308616e-17,0.0,3.193637411308616e-17,3.4323683197061076e-19,True,0,0.0,0.0,0.0,0.0,0.0,0.0,nan,0,
call_T100_s060_r001_q010,stress_holdout,call,0.1,psor,True,True,True,1,0,4.991677626797753e-10,2.437165842133036e-11,7.568214313531163e-11,9.85505406931258e-13,0.0,9.85505406931258e-13,1.0715288123198735e-13,True,0,1.3411198077998657e-10,8.602543122293582e-09,1.994406277263813e-10,1.2927722226052651e-09,3.2763072860622476e-09,9.277483781211515e-08,nan,0,
call_T100_s060_r001_q010,stress_holdout,call,0.1,penalty_newton,False,False,True,1,0,3.2222668977510693e-11,1.3682531188187049e-11,1.7669274111188477e-11,1.0861573812644054e-11,1.0861573812644054e-11,3.1936374113432226e-17,1.006754484700068e-15,True,0,4.717876402512052e-09,8.018619768179747e-08,4.70326570437989e-11,4.791633756440206e-10,2.858386531768476e-09,2.9251001620878014e-08,nan,0,100000000.0
call_T100_s060_r001_q010,stress_holdout,call,0.1,projected_lu_single,True,True,True,1,0,1.2212453270876722e-15,6.712709101158238e-17,1.9290161042973752e-16,4.151728634701201e-17,0.0,4.151728634701201e-17,2.512463887520582e-19,True,0,2.135328950695718e-15,8.948397578478762e-14,1.051766844404331e-15,1.3322676295501878e-14,5.707121828446849e-14,7.993605777301127e-13,nan,0,
call_T100_s060_r005_q000,test,call,0.0,penalty_newton,True,True,True,0,0,0.0,0.0,0.0,5.13854152474402e-16,0.0,5.13854152474402e-16,8.397089863886584e-18,True,0,0.0,0.0,0.0,0.0,0.0,0.0,8.04411171749786e-05,331,100000000.0
call_T100_s060_r005_q000,test,call,0.0,policy_iteration,True,True,True,0,0,0.0,0.0,0.0,5.13854152474402e-16,0.0,5.13854152474402e-16,8.397089863886584e-18,True,0,0.0,0.0,0.0,0.0,0.0,0.0,8.04411171749786e-05,331,
call_T100_s060_r005_q000,test,call,0.0,projected_lu_single,True,True,True,0,0,1.3322676295501878e-14,3.0538709825868117e-15,4.370602956529883e-15,5.087767771877425e-16,0.0,5.087767771877425e-16,7.334025224658373e-18,True,0,0.0,0.0,1.117170795898267e-14,6.661338147750939e-14,7.229181538652087e-13,3.9968028886505635e-12,8.044111717442348e-05,331,
call_T100_s060_r005_q000,test,call,0.0,psor,True,True,True,0,0,5.109161982375099e-10,1.2300653993810876e-10,1.929273785790686e-10,8.891306131468718e-13,0.0,8.891306131468718e-13,1.5860585415665907e-14,True,0,0.0,0.0,2.8163847028306284e-10,9.028977565606056e-10,5.623511446244739e-10,1.7358114945409397e-09,8.044112373611911e-05,331,
call_T100_s060_r005_q010,stress_holdout,call,0.1,policy_iteration,True,True,True,1,0,0.0,0.0,0.0,5.1054751695113404e-17,0.0,5.1054751695113404e-17,3.19387089889271e-19,True,0,0.0,0.0,0.0,0.0,0.0,0.0,nan,0,
call_T100_s060_r005_q010,stress_holdout,call,0.1,penalty_newton,False,False,True,1,0,2.8889335368376123e-11,1.1441297339523585e-11,1.5142957972134315e-11,9.737978214059367e-12,9.737978214059367e-12,5.105475169560983e-17,8.085475065664948e-16,True,0,4.912623722634161e-09,1.2604426169460226e-07,4.2113857438968854e-11,4.291766941832975e-10,2.5614576650072083e-09,2.625020201207917e-08,nan,0,100000000.0
call_T100_s060_r005_q010,stress_holdout,call,0.1,projected_lu_single,True,True,True,1,0,1.1102230246251565e-15,3.262003237985853e-17,9.443872826485029e-17,4.4672907733224225e-17,0.0,4.4672907733224225e-17,3.721446239814275e-19,True,0,9.159339953157541e-16,2.930988785010413e-14,1.0872348557411686e-15,9.992007221626409e-15,7.506727198144951e-14,9.992007221626409e-13,nan,0,
call_T100_s060_r005_q010,stress_holdout,call,0.1,psor,True,True,True,1,0,6.310826305977457e-10,4.2521103672240484e-11,1.1904449752410992e-10,9.9559637635254e-13,0.0,9.9559637635254e-13,6.331408379858937e-14,True,0,6.971501968304021e-10,6.881657865775992e-08,2.83917917881996e-10,1.2946377303535428e-09,3.353415448260646e-09,8.030031639627566e-08,nan,0,
call_T100_s060_r010_q000,test,call,0.0,penalty_newton,True,True,True,0,0,0.0,0.0,0.0,4.655543009199194e-16,0.0,4.655543009199194e-16,1.1007376526713059e-17,True,0,0.0,0.0,0.0,0.0,0.0,0.0,8.011916684041998e-05,321,100000000.0
call_T100_s060_r010_q000,test,call,0.0,psor,True,True,True,0,0,5.273936842797866e-10,1.3553770053060826e-10,2.1007500085859367e-10,9.390439107256213e-13,0.0,9.390439107256213e-13,2.8045610538163954e-14,True,0,0.0,0.0,3.0156041361843785e-10,9.012190993473723e-10,5.930711007676609e-10,1.7138290786533616e-09,8.011917542408153e-05,321,
call_T100_s060_r010_q000,test,call,0.0,projected_lu_single,True,True,True,0,0,1.2878587085651816e-14,1.5694130321428192e-15,2.547351043409936e-15,6.29798004141283e-16,0.0,6.29798004141283e-16,1.7860083217919633e-17,True,0,0.0,0.0,1.1431782251971319e-14,7.327471962526033e-14,8.139866388845807e-13,5.995204332975845e-12,8.011916683969833e-05,321,
call_T100_s060_r010_q000,test,call,0.0,policy_iteration,True,True,True,0,0,0.0,0.0,0.0,4.655543009199194e-16,0.0,4.655543009199194e-16,1.1007376526713059e-17,True,0,0.0,0.0,0.0,0.0,0.0,0.0,8.011916684041998e-05,321,
call_T100_s060_r010_q010,stress_holdout,call,0.1,projected_lu_single,True,True,True,1,0,3.885780586188048e-15,2.615267282090953e-16,7.049590458304315e-16,8.925095703093761e-17,0.0,8.925095703093761e-17,4.716047955443328e-19,True,0,1.6701455033777772e-14,9.516831767086842e-13,2.302051218525027e-15,2.3314683517128287e-14,1.0619287918464386e-13,9.992007221626409e-13,nan,0,
call_T100_s060_r010_q010,stress_holdout,call,0.1,penalty_newton,False,False,True,1,0,2.4722890401562836e-11,8.766194361878063e-12,1.2106916776897832e-11,8.333558562324551e-12,8.333558562324551e-12,7.650082031286976e-17,5.915106482836157e-16,True,0,5.806370262373406e-09,7.783427813379262e-08,3.573555780041474e-11,3.6667335834295045e-10,2.1756301358233497e-09,2.2500801222236078e-08,nan,0,100000000.0
call_T100_s060_r010_q010,stress_holdout,call,0.1,policy_iteration,True,True,True,1,0,0.0,0.0,0.0,8.287588867158492e-17,0.0,8.287588867158492e-17,5.251080840716542e-19,True,0,0.0,0.0,0.0,0.0,0.0,0.0,nan,0,
call_T100_s060_r010_q010,stress_holdout,call,0.1,psor,True,True,True,1,0,6.436258193076583e-10,6.277268094326303e-11,1.5151059262948407e-10,9.911278934108376e-13,0.0,9.911278934108376e-13,4.091216704362897e-14,True,0,1.071768710817859e-09,4.7068192010613075e-08,3.2187993429067194e-10,1.2862644283018199e-09,3.029646664528835e-09,8.304249436437015e-08,nan,0,
call_T200_s020_r001_q000,test,call,0.0,penalty_newton,True,True,True,0,0,0.0,0.0,0.0,6.178620723445824e-16,0.0,6.178620723445824e-16,2.741199914489754e-18,True,0,0.0,0.0,0.0,0.0,0.0,0.0,0.00019037872844264447,1094,100000000.0
call_T200_s020_r001_q000,test,call,0.0,projected_lu_single,True,True,True,0,0,6.217248937900877e-15,1.3700792277405674e-15,1.9996888254437794e-15,5.282470593970706e-16,0.0,5.282470593970706e-16,3.0612527398506943e-18,True,0,0.0,0.0,1.0600722460351292e-14,4.6629367034256575e-14,4.3624895600651803e-13,2.7977620220553945e-12,0.00019037872844229753,1094,
call_T200_s020_r001_q000,test,call,0.0,psor,True,True,True,0,0,2.7715207906453543e-10,4.047226482210497e-11,7.804518054554286e-11,8.949290787859598e-13,0.0,8.949290787859598e-13,5.778200594562826e-15,True,0,0.0,0.0,1.5056968293507176e-10,4.1472825174082573e-10,4.875971826297842e-10,2.3948842908794177e-09,0.00019037872844547554,1094,
call_T200_s020_r001_q000,test,call,0.0,policy_iteration,True,True,True,0,0,0.0,0.0,0.0,6.178620723445824e-16,0.0,6.178620723445824e-16,2.741199914489754e-18,True,0,0.0,0.0,0.0,0.0,0.0,0.0,0.00019037872844264447,1094,
call_T200_s020_r005_q000,test,call,0.0,projected_lu_single,True,True,True,0,0,9.325873406851315e-15,1.4416588508125445e-15,2.4206034698894823e-15,5.697727065528013e-16,0.0,5.697727065528013e-16,1.1806406530817888e-17,True,0,0.0,0.0,8.375269779456963e-15,4.6629367034256575e-14,4.203859745688045e-13,2.7977620220553945e-12,0.00019663469620764817,1036,
call_T200_s020_r005_q000,test,call,0.0,policy_iteration,True,True,True,0,0,0.0,0.0,0.0,4.727016134926222e-16,0.0,4.727016134926222e-16,1.1520179087189295e-17,True,0,0.0,0.0,0.0,0.0,0.0,0.0,0.00019663469620770369,1036,
call_T200_s020_r005_q000,test,call,0.0,penalty_newton,True,True,True,0,0,0.0,0.0,0.0,4.727016134926222e-16,0.0,4.727016134926222e-16,1.1520179087189295e-17,True,0,0.0,0.0,0.0,0.0,0.0,0.0,0.00019663469620770369,1036,100000000.0
call_T200_s020_r005_q000,test,call,0.0,psor,True,True,True,0,0,2.4696289457892817e-10,2.7040744570686695e-11,5.366234560584024e-11,9.99530043917964e-13,0.0,9.99530043917964e-13,2.994757770623345e-14,True,0,0.0,0.0,1.0181050055716569e-10,3.764588640819966e-10,3.549853405486993e-10,2.5295765482269417e-09,0.00019663469621397645,1036,
call_T200_s020_r010_q000,test,call,0.0,penalty_newton,True,True,False,0,0,0.0,0.0,0.0,5.140505457779664e-16,0.0,5.140505457779664e-16,2.478543132057578e-17,True,0,0.0,0.0,0.0,0.0,0.0,0.0,0.00022394129070740787,966,100000000.0
call_T200_s020_r010_q000,test,call,0.0,psor,True,True,False,0,0,2.0730928085299638e-10,2.7608483384693652e-11,5.120819548160151e-11,9.997901245359947e-13,0.0,9.997901245359947e-13,5.623694384386374e-14,True,0,0.0,0.0,9.170693021397087e-11,3.3772318275282487e-10,3.15927494069786e-10,2.4588331370978267e-09,0.00022394129071734437,966,
call_T200_s020_r010_q000,test,call,0.0,projected_lu_single,True,True,False,0,0,9.325873406851315e-15,2.3284900667076796e-15,3.519487842363583e-15,4.3486597691668936e-16,0.0,4.3486597691668936e-16,1.8950452693238157e-17,True,0,0.0,0.0,1.0109809705044097e-14,5.3290705182007514e-14,4.2087850980036134e-13,2.7977620220553945e-12,0.00022394129070760216,966,
call_T200_s020_r010_q000,test,call,0.0,policy_iteration,True,True,False,0,0,0.0,0.0,0.0,5.140505457779664e-16,0.0,5.140505457779664e-16,2.478543132057578e-17,True,0,0.0,0.0,0.0,0.0,0.0,0.0,0.00022394129070740787,966,
call_T200_s040_r001_q000,test,call,0.0,projected_lu_single,True,True,True,0,0,8.881784197001252e-15,1.942759660456775e-15,2.8139871068897087e-15,4.093539856303716e-16,0.0,4.093539856303716e-16,2.8682460119875956e-18,True,0,0.0,0.0,9.222904512112956e-15,5.3290705182007514e-14,6.654443269080386e-13,3.9968028886505635e-12,8.718798023779617e-05,378,
call_T200_s040_r001_q000,test,call,0.0,psor,True,True,True,0,0,5.208580233784232e-10,1.25475720508143e-10,1.9885429663185707e-10,9.994827464831102e-13,0.0,9.994827464831102e-13,7.67253935170131e-15,True,0,0.0,0.0,2.9842807606453733e-10,9.371770026689319e-10,6.116737076313994e-10,1.8756995956437095e-09,8.718798573439934e-05,378,
call_T200_s040_r001_q000,test,call,0.0,penalty_newton,True,True,True,0,0,0.0,0.0,0.0,4.2526685301606795e-16,0.0,4.2526685301606795e-16,3.3160961245431873e-18,True,0,0.0,0.0,0.0,0.0,0.0,0.0,8.718798023915619e-05,378,100000000.0
call_T200_s040_r001_q000,test,call,0.0,policy_iteration,True,True,True,0,0,0.0,0.0,0.0,4.2526685301606795e-16,0.0,4.2526685301606795e-16,3.3160961245431873e-18,True,0,0.0,0.0,0.0,0.0,0.0,0.0,8.718798023915619e-05,378,
call_T200_s040_r005_q000,test,call,0.0,psor,True,True,True,0,0,5.540243819268653e-10,1.2532775704103083e-10,2.00624183896272e-10,9.993637990632126e-13,0.0,9.993637990632126e-13,3.0703903019089035e-14,True,0,0.0,0.0,2.950583389990694e-10,9.533507316916712e-10,5.932499140722612e-10,1.9048762567308586e-09,8.638746190847701e-05,363,
call_T200_s040_r005_q000,test,call,0.0,projected_lu_single,True,True,True,0,0,6.217248937900877e-15,1.4185435713131187e-15,1.890719311337927e-15,4.629583151088354e-16,0.0,4.629583151088354e-16,1.0499100511904747e-17,True,0,0.0,0.0,1.0273490921295194e-14,7.327471962526033e-14,6.703081322299789e-13,3.9968028886505635e-12,8.638745643180235e-05,363,
call_T200_s040_r005_q000,test,call,0.0,policy_iteration,True,True,True,0,0,0.0,0.0,0.0,4.061910601051777e-16,0.0,4.061910601051777e-16,1.1079362008822e-17,True,0,0.0,0.0,0.0,0.0,0.0,0.0,8.638745643305135e-05,363,
call_T200_s040_r005_q000,test,call,0.0,penalty_newton,True,True,True,0,0,0.0,0.0,0.0,4.061910601051777e-16,0.0,4.061910601051777e-16,1.1079362008822e-17,True,0,0.0,0.0,0.0,0.0,0.0,0.0,8.638745643305135e-05,363,100000000.0
call_T200_s040_r010_q000,test,call,0.0,policy_iteration,True,True,True,0,0,0.0,0.0,0.0,4.621776441405389e-16,0.0,4.621776441405389e-16,2.308604147004432e-17,True,0,0.0,0.0,0.0,0.0,0.0,0.0,8.885363260174861e-05,341,
call_T200_s040_r010_q000,test,call,0.0,penalty_newton,True,True,True,0,0,0.0,0.0,0.0,4.621776441405389e-16,0.0,4.621776441405389e-16,2.308604147004432e-17,True,0,0.0,0.0,0.0,0.0,0.0,0.0,8.885363260174861e-05,341,100000000.0
call_T200_s040_r010_q000,test,call,0.0,psor,True,True,True,0,0,5.422458038140121e-10,1.3219148567291904e-10,2.077399877547183e-10,9.987767386359408e-13,0.0,9.987767386359408e-13,5.089757887829472e-14,True,0,0.0,0.0,2.9575082687563275e-10,8.797429451590233e-10,5.790898971391005e-10,1.7905676941154525e-09,8.885363931410151e-05,341,
call_T200_s040_r010_q000,test,call,0.0,projected_lu_single,True,True,True,0,0,1.687538997430238e-14,3.956540812757133e-15,6.018416265946203e-15,3.6567295146841216e-16,0.0,3.6567295146841216e-16,2.7283050183508404e-17,True,0,0.0,0.0,1.257133196233677e-14,7.327471962526033e-14,7.076399077606909e-13,4.796163466380676e-12,8.885363260263679e-05,341,
call_T200_s040_r010_q003,test,call,0.03,penalty_newton,False,False,True,1,0,4.376943252282217e-12,1.7763954482947578e-13,4.262460286791441e-13,1.0674607265530774e-12,1.0674607265530774e-12,4.526770510995782e-16,1.0767678507105981e-17,True,0,7.365073291983511e-09,5.4128904469763484e-08,2.7699645755177398e-12,6.565414878423326e-11,2.314474001635221e-10,5.2585935605975465e-09,nan,0,100000000.0
call_T200_s040_r010_q003,test,call,0.03,policy_iteration,True,True,True,1,0,0.0,0.0,0.0,5.092616182280098e-16,0.0,5.092616182280098e-16,2.0098703519890564e-18,True,0,0.0,0.0,0.0,0.0,0.0,0.0,nan,0,
call_T200_s040_r010_q003,test,call,0.03,projected_lu_single,True,True,True,1,0,1.709743457922741e-14,3.3652772155133676e-15,5.3248554674907584e-15,4.243790281911623e-16,0.0,4.243790281911623e-16,2.2907026461636502e-18,True,0,1.4447029431349536e-12,2.751976424519853e-11,1.2949141978570916e-14,7.993605777301127e-14,6.438742326400658e-13,4.796163466380676e-12,nan,0,
call_T200_s040_r010_q003,test,call,0.03,psor,True,True,True,1,0,5.509268596881611e-10,1.3797720233545467e-10,2.1277121795191056e-10,9.993303229261568e-13,0.0,9.993303229261568e-13,6.133342568024411e-15,True,0,2.0125449778077203e-08,3.0115219562532047e-07,2.9739780110769937e-10,9.164335956768355e-10,1.4198801685650555e-09,2.5512392198834277e-08,nan,0,
call_T200_s040_r010_q006,test,call,0.06,projected_lu_single,True,True,True,1,0,2.6645352591003757e-15,1.0850817038873733e-16,2.5256926769832744e-16,8.499500283952095e-17,0.0,8.499500283952095e-17,6.256307034721805e-19,True,0,1.5128639082225468e-14,9.197087535994797e-13,2.226681475489485e-15,2.6645352591003757e-14,1.5350432684449248e-13,1.4988010832439613e-12,nan,0,
call_T200_s040_r010_q006,test,call,0.06,policy_iteration,True,True,True,1,0,0.0,0.0,0.0,9.916083664610777e-17,0.0,9.916083664610777e-17,6.007265787887754e-19,True,0,0.0,0.0,0.0,0.0,0.0,0.0,nan,0,
call_T200_s040_r010_q006,test,call,0.06,psor,True,True,True,1,0,6.025909771167903e-10,8.09307412840926e-11,1.6853785913116735e-10,9.92557477326119e-13,0.0,9.92557477326119e-13,8.783788413345546e-15,True,0,4.4092441420229275e-09,2.571103681070497e-07,3.232038323264605e-10,1.1139456024267247e-09,2.5466417916647685e-09,5.716213648449854e-08,nan,0,
call_T200_s040_r010_q006,test,call,0.06,penalty_newton,False,False,True,1,0,2.2999380178134743e-11,6.5741613202912456e-12,1.0025422796582974e-11,7.75260006004542e-12,7.75260006004542e-12,9.207791974353026e-17,5.687836337312232e-16,True,0,6.769123593134789e-09,1.5114125417881041e-07,3.285443310088919e-11,3.3999469906120794e-10,1.9927081869950152e-09,2.099920237697006e-08,nan,0,100000000.0
call_T200_s040_r010_q010,test,call,0.1,psor,True,True,True,1,0,2.402960053160541e-10,1.0630691482987045e-11,3.528463126379272e-11,9.805914590230123e-13,0.0,9.805914590230123e-13,6.324163559252684e-14,True,0,1.881356352188372e-09,1.5281949972134612e-07,1.0948108211958331e-10,1.0042774389873443e-09,2.6258424062757776e-09,6.619989556533312e-08,nan,0,
call_T200_s040_r010_q010,test,call,0.1,projected_lu_single,True,True,True,1,0,9.992007221626409e-16,5.975036839894695e-17,1.6841856227915424e-16,3.9028471652123905e-17,0.0,3.9028471652123905e-17,3.3336355392448373e-19,True,0,7.79191526116089e-15,7.949196856316121e-13,8.886213810004916e-16,9.992007221626409e-15,5.511862821194293e-14,5.995204332975845e-13,nan,0,
call_T200_s040_r010_q010,test,call,0.1,penalty_newton,False,False,True,1,0,4.944444853549612e-11,1.7831381301675862e-11,2.4431985134512682e-11,1.666666804567285e-11,1.666666804567285e-11,3.193238589772449e-17,2.633570028498425e-15,True,0,9.987099700940287e-09,4.990002191451737e-07,6.986893175282559e-11,7.333333940096054e-10,4.212811775796731e-09,4.5000003723316695e-08,nan,0,100000000.0
call_T200_s040_r010_q010,test,call,0.1,policy_iteration,True,True,True,1,0,0.0,0.0,0.0,2.8384343019726474e-17,0.0,2.8384343019726474e-17,2.866279544000466e-19,True,0,0.0,0.0,0.0,0.0,0.0,0.0,nan,0,
call_T200_s060_r001_q000,test,call,0.0,psor,True,True,True,0,0,6.53738396749759e-10,2.0441939209221755e-10,2.9385485028271024e-10,9.99586304212848e-13,0.0,9.99586304212848e-13,1.4931595879988333e-14,True,0,0.0,0.0,3.8036796009353997e-10,1.1025513835249967e-09,6.792242688842948e-10,1.8633095066888927e-09,0.001634015416600465,153,
call_T200_s060_r001_q000,test,call,0.0,policy_iteration,True,True,True,0,0,0.0,0.0,0.0,4.2605084431954267e-16,0.0,4.2605084431954267e-16,4.8135826880482755e-18,True,0,0.0,0.0,0.0,0.0,0.0,0.0,0.0016340151435190187,153,
call_T200_s060_r001_q000,test,call,0.0,projected_lu_single,True,True,True,0,0,2.6201263381153694e-14,6.410362187754507e-15,9.565398206528782e-15,4.2520244386307995e-16,0.0,4.2520244386307995e-16,5.291030823879778e-18,True,0,0.0,0.0,1.6976580980122432e-14,8.659739592076221e-14,8.490373452055225e-13,5.595524044110789e-12,0.0016340151435072503,153,
call_T200_s060_r001_q000,test,call,0.0,penalty_newton,True,True,True,0,0,0.0,0.0,0.0,4.2605084431954267e-16,0.0,4.2605084431954267e-16,4.8135826880482755e-18,True,0,0.0,0.0,0.0,0.0,0.0,0.0,0.0016340151435190187,153,100000000.0
call_T200_s060_r001_q010,stress_holdout,call,0.1,psor,True,True,True,1,0,9.635420239462178e-10,1.612879944891169e-10,3.141114460648912e-10,9.952398703064611e-13,0.0,9.952398703064611e-13,2.821898711068029e-14,True,0,1.5380276737383033e-09,7.873108254230488e-08,6.534356045619486e-10,2.7705038263547976e-09,6.924434083148394e-09,1.1563150223307587e-07,nan,0,
call_T200_s060_r001_q010,stress_holdout,call,0.1,projected_lu_single,True,True,True,1,0,1.6653345369377348e-15,7.852048661657579e-17,2.0710303848961693e-16,6.338363764165372e-17,0.0,6.338363764165372e-17,3.758183322574312e-19,True,0,3.2548038338594172e-15,1.7008616737257398e-13,1.8321482972035547e-15,1.9984014443252818e-14,1.2392951248295172e-13,1.3988810110276972e-12,nan,0,
call_T200_s060_r001_q010,stress_holdout,call,0.1,penalty_newton,False,False,True,1,0,6.444444977660169e-11,2.670530398188934e-11,3.4859056820554735e-11,2.172284823930394e-11,2.172284823930394e-11,6.671961857160756e-17,2.1032238056326227e-15,True,0,1.0126498047509832e-08,1.9058215494638375e-07,9.728974525037327e-11,9.583334126261889e-10,6.034921775574015e-09,5.8500004840311703e-08,nan,0,100000000.0
call_T200_s060_r001_q010,stress_holdout,call,0.1,policy_iteration,True,True,True,1,0,0.0,0.0,0.0,6.004765671314562e-17,0.0,6.004765671314562e-17,4.53507269620426e-19,True,0,0.0,0.0,0.0,0.0,0.0,0.0,nan,0,
call_T200_s060_r005_q000,test,call,0.0,psor,True,True,True,0,0,6.891003323516998e-10,2.0474278354384408e-10,2.9444182341875527e-10,9.995451680922132e-13,0.0,9.995451680922132e-13,3.731329902266155e-14,True,0,0.0,0.0,3.7679635110803144e-10,1.1519918352576042e-09,6.654324023425916e-10,1.885291922576471e-09,0.001385588384188896,149,
call_T200_s060_r005_q000,test,call,0.0,policy_iteration,True,True,True,0,0,0.0,0.0,0.0,5.134798631052526e-16,0.0,5.134798631052526e-16,1.212303812190672e-17,True,0,0.0,0.0,0.0,0.0,0.0,0.0,0.0013855880988058455,149,
call_T200_s060_r005_q000,test,call,0.0,penalty_newton,True,True,True,0,0,0.0,0.0,0.0,5.134798631052526e-16,0.0,5.134798631052526e-16,1.212303812190672e-17,True,0,0.0,0.0,0.0,0.0,0.0,0.0,0.0013855880988058455,149,100000000.0
call_T200_s060_r005_q000,test,call,0.0,projected_lu_single,True,True,True,0,0,1.3766765505351941e-14,1.8196793370933147e-15,2.869053792981322e-15,4.4187832136269913e-16,0.0,4.4187832136269913e-16,1.5888473549429565e-17,True,0,0.0,0.0,1.3407340157462241e-14,7.993605777301127e-14,9.580505201762737e-13,5.195843755245733e-12,0.001385588098808288,149,
call_T200_s060_r005_q010,stress_holdout,call,0.1,policy_iteration,True,True,True,1,0,0.0,0.0,0.0,8.66584720897371e-17,0.0,8.66584720897371e-17,5.753470225112559e-19,True,0,0.0,0.0,0.0,0.0,0.0,0.0,nan,0,
call_T200_s060_r005_q010,stress_holdout,call,0.1,penalty_newton,False,False,True,1,0,5.7777338469122697e-11,2.2347593226809272e-11,2.9860564735995624e-11,1.9475507349142482e-11,1.9475507349142482e-11,7.999243577669741e-17,1.6890673657955997e-15,True,0,1.3524349856686158e-08,2.915783356982615e-07,8.705029351004335e-11,8.583334043521518e-10,5.533044665966505e-09,5.249920498329175e-08,nan,0,100000000.0
call_T200_s060_r005_q010,stress_holdout,call,0.1,projected_lu_single,True,True,True,1,0,2.6645352591003757e-15,1.8664924967023321e-16,3.9501235544239877e-16,9.332450840433225e-17,0.0,9.332450840433225e-17,6.318740211439932e-19,True,0,8.230453355887828e-15,4.303224443447107e-13,2.3309432785938205e-15,2.3314683517128287e-14,1.39654201554941e-13,1.5987211554602254e-12,nan,0,
call_T200_s060_r005_q010,stress_holdout,call,0.1,psor,True,True,True,1,0,8.975006293709953e-10,1.629266744851565e-10,3.0568016972615426e-10,9.944167995387443e-13,0.0,9.944167995387443e-13,2.696266989633604e-14,True,0,3.3956402393601575e-09,1.8341364338425592e-07,5.888859270410563e-10,2.394797693483497e-09,6.7040181768756374e-09,1.256044661099e-07,nan,0,
call_T200_s060_r010_q000,test,call,0.0,policy_iteration,True,True,True,0,0,0.0,0.0,0.0,4.328648442092969e-16,0.0,4.328648442092969e-16,2.5137064894891448e-17,True,0,0.0,0.0,0.0,0.0,0.0,0.0,0.0011164701925618914,145,
call_T200_s060_r010_q000,test,call,0.0,projected_lu_single,True,True,True,0,0,1.7763568394002505e-14,2.460682876168334e-15,4.0269469197791555e-15,6.027683870039163e-16,0.0,6.027683870039163e-16,3.360576559155803e-17,True,0,0.0,0.0,1.62711302054289e-14,1.0658141036401503e-13,9.456071872204873e-13,5.995204332975845e-12,0.0011164701925592269,145,
call_T200_s060_r010_q000,test,call,0.0,penalty_newton,True,True,True,0,0,0.0,0.0,0.0,4.328648442092969e-16,0.0,4.328648442092969e-16,2.5137064894891448e-17,True,0,0.0,0.0,0.0,0.0,0.0,0.0,0.0011164701925618914,145,100000000.0
call_T200_s060_r010_q000,test,call,0.0,psor,True,True,True,0,0,6.901497151545755e-10,2.1444282540407024e-10,3.060809511285463e-10,9.999917748719672e-13,0.0,9.999917748719672e-13,5.631389829615311e-14,True,0,0.0,0.0,3.8512402454086715e-10,1.1125167453940321e-09,6.691492207432908e-10,1.8453238936899652e-09,0.0011164705045960677,145,
call_T200_s060_r010_q010,stress_holdout,call,0.1,policy_iteration,True,True,True,1,0,0.0,0.0,0.0,1.26514239254636e-16,0.0,1.26514239254636e-16,9.729442424188753e-19,True,0,0.0,0.0,0.0,0.0,0.0,0.0,nan,0,
call_T200_s060_r010_q010,stress_holdout,call,0.1,penalty_newton,False,False,True,1,0,4.944400444628627e-11,1.7067664625131677e-11,2.380806224820761e-11,1.6666518352680764e-11,1.6666518352680764e-11,9.32210183997065e-17,1.2355999301670869e-15,True,0,2.2544859205423743e-08,1.0365613736240675e-06,7.576430929020491e-11,7.333333940096054e-10,4.749596937686509e-09,4.4999204362738965e-08,nan,0,100000000.0
call_T200_s060_r010_q010,stress_holdout,call,0.1,projected_lu_single,True,True,True,1,0,7.105427357601002e-15,9.648801646012827e-16,1.921892162040119e-15,1.231849171689877e-16,0.0,1.231849171689877e-16,9.521032647220759e-19,True,0,2.436384427539906e-14,1.1972645097557688e-12,4.2988362847179705e-15,3.3306690738754696e-14,1.9237082238701918e-13,1.7985612998927536e-12,nan,0,
call_T200_s060_r010_q010,stress_holdout,call,0.1,psor,True,True,True,1,0,8.555152142264433e-10,1.8779596117868784e-10,3.262519261543096e-10,9.996456028263352e-13,0.0,9.996456028263352e-13,2.2771728584938224e-14,True,0,2.296760556186328e-08,2.0436092480480283e-06,5.609135108660585e-10,2.167745982717406e-09,6.235254113501656e-09,7.87781839761692e-08,nan,0,
put_T025_s060_r001_q010,stress_holdout,put,0.1,psor,True,False,True,1,0,5.331366792482584e-09,4.599708390095508e-10,1.2774599929493218e-09,9.99797467038377e-13,0.0,9.99797467038377e-13,9.053379491308798e-13,True,0,2.5812444110392036e-09,8.506206003455752e-09,5.349827259615893e-09,3.389685865329284e-08,6.955667675272126e-08,9.3444432192058e-07,nan,0,
put_T025_s060_r001_q010,stress_holdout,put,0.1,projected_lu_single,True,True,True,1,0,6.994405055138486e-15,1.7185361160529794e-16,5.813950346481602e-16,2.220446049250313e-16,0.0,2.220446049250313e-16,5.612767219041236e-18,True,0,5.024063341278288e-13,1.3484657834794689e-11,1.1043180835658571e-14,1.1657341758564144e-13,5.092261553471332e-13,6.794564910705958e-12,nan,0,
put_T025_s060_r001_q010,stress_holdout,put,0.1,policy_iteration,True,True,True,1,0,0.0,0.0,0.0,2.220446049250313e-16,0.0,2.220446049250313e-16,6.285755511064313e-18,True,0,0.0,0.0,0.0,0.0,0.0,0.0,nan,0,
put_T025_s060_r001_q010,stress_holdout,put,0.1,penalty_newton,True,True,True,1,0,1.3888890038060708e-13,1.858594177710884e-15,1.4126288586608213e-14,1.3888890038060708e-13,1.3888890038060708e-13,2.220446049250313e-16,6.285755511064313e-18,True,0,1.2011772340669858e-10,6.12084785633904e-10,2.1517299501336353e-13,2.0800028366352308e-12,1.7619305267903976e-11,1.8884893648873913e-10,nan,0,100000000.0
put_T025_s060_r005_q010,stress_holdout,put,0.1,penalty_newton,True,True,True,1,0,9.722223026642496e-13,6.038924480114897e-14,2.0015287491365235e-13,9.722223026642496e-13,9.722223026642496e-13,1.6653345369377348e-16,9.452161275856411e-17,True,0,1.9868286460500427e-10,2.071699700678664e-09,1.4176812474012903e-12,1.3540946142143184e-11,8.6209176503117e-11,9.37550037605206e-10,nan,0,100000000.0
put_T025_s060_r005_q010,stress_holdout,put,0.1,policy_iteration,True,True,True,1,0,0.0,0.0,0.0,1.6653345369377348e-16,0.0,1.6653345369377348e-16,6.4171697369077106e-18,True,0,0.0,0.0,0.0,0.0,0.0,0.0,nan,0,
put_T025_s060_r005_q010,stress_holdout,put,0.1,psor,True,True,True,1,0,2.7940415174177867e-11,3.680324478549758e-12,7.059183097061384e-12,9.90118509218012e-13,0.0,9.90118509218012e-13,2.3587605640216428e-14,True,0,2.422506288161467e-10,1.320183662389951e-08,1.2642349936604638e-11,7.233214027735357e-11,1.724400190221665e-10,2.308803148665106e-09,nan,0,
put_T025_s060_r005_q010,stress_holdout,put,0.1,projected_lu_single,True,True,True,1,0,1.4432899320127035e-15,4.251147577335007e-17,1.4258689809876885e-16,1.1102230246251565e-16,0.0,1.1102230246251565e-16,6.5984740170996336e-18,True,0,1.5893351449728736e-13,3.480993271409716e-12,2.41595793730116e-15,2.2426505097428162e-14,1.1248769882216529e-13,1.4988010832439613e-12,nan,0,
put_T025_s060_r010_q010,stress_holdout,put,0.1,policy_iteration,True,True,True,1,0,0.0,0.0,0.0,1.1102230246251565e-16,0.0,1.1102230246251565e-16,6.319571776450183e-18,True,0,0.0,0.0,0.0,0.0,0.0,0.0,nan,0,
put_T025_s060_r010_q010,stress_holdout,put,0.1,psor,True,True,True,1,0,2.7045936730092104e-11,3.2347972915716822e-12,6.748850689388782e-12,9.690056556600193e-13,0.0,9.690056556600193e-13,2.0879117910115658e-14,True,0,5.301465470323545e-11,2.388960917976135e-09,1.074527593739886e-11,7.42347294746537e-11,2.716911019149077e-10,4.949365917106263e-09,nan,0,
put_T025_s060_r010_q010,stress_holdout,put,0.1,penalty_newton,False,False,True,1,0,2.0138335443675714e-12,2.34036683077358e-13,5.690939799566939e-13,2.0138335443675714e-12,2.0138335443675714e-12,1.1102230246251565e-16,4.055636999048727e-16,True,0,4.818187182564771e-10,8.80262351898864e-09,2.9744023714765285e-12,2.916999974900136e-11,1.8097135541881593e-10,1.874700394921547e-09,nan,0,100000000.0
put_T025_s060_r010_q010,stress_holdout,put,0.1,projected_lu_single,True,True,True,1,0,9.992007221626409e-16,1.7783850282356198e-17,9.048194289690786e-17,5.551115123125783e-17,0.0,5.551115123125783e-17,5.417969928315904e-18,True,0,9.631184738623233e-15,7.062128659640621e-13,9.301866441357148e-16,1.2545520178264269e-14,3.4863296447246396e-14,3.9968028886505635e-13,nan,0,
put_T050_s060_r001_q010,stress_holdout,put,0.1,policy_iteration,True,True,True,1,0,0.0,0.0,0.0,2.220446049250313e-16,0.0,2.220446049250313e-16,2.066767958659598e-17,True,0,0.0,0.0,0.0,0.0,0.0,0.0,nan,0,
put_T050_s060_r001_q010,stress_holdout,put,0.1,penalty_newton,True,True,True,1,0,2.7777780076121417e-13,3.9164461275553326e-15,2.83409227609054e-14,2.7777780076121417e-13,2.7777780076121417e-13,2.220446049250313e-16,2.066767958659598e-17,True,0,1.2949037663893363e-10,1.2108130054144794e-09,4.1297389523940416e-13,4.158340338733524e-12,3.537955446075482e-11,3.8379299738267036e-10,nan,0,100000000.0
put_T050_s060_r001_q010,stress_holdout,put,0.1,projected_lu_single,True,True,True,1,0,1.1657341758564144e-14,2.75943783907891e-16,1.0625525264078343e-15,2.220446049250313e-16,0.0,2.220446049250313e-16,1.5014106577957637e-17,True,0,3.255648065951059e-14,3.3735375604138085e-12,1.6018128469193145e-14,1.7486012637846216e-13,9.478867368897247e-13,1.099120794378905e-11,nan,0,
put_T050_s060_r001_q010,stress_holdout,put,0.1,psor,True,True,True,1,0,3.55443452448867e-11,8.360399423711107e-12,1.1786009138750889e-11,9.969658867176826e-13,0.0,9.969658867176826e-13,1.1147182822731444e-14,True,0,7.11223603159598e-11,1.4202998915857634e-09,4.469518900305406e-11,3.7195579949411695e-10,8.020383721983289e-10,1.3136691734416672e-08,nan,0,
put_T050_s060_r005_q010,stress_holdout,put,0.1,psor,True,True,True,1,0,2.6043433577239983e-11,6.2244564165535815e-12,9.505339637406094e-12,9.96486092528007e-13,0.0,9.96486092528007e-13,4.506256399941752e-14,True,0,2.6370919337104226e-12,8.893025205125582e-11,1.2145566948001391e-11,4.478518641007345e-11,5.1640117737687236e-11,1.4377747881155756e-09,nan,0,
put_T050_s060_r005_q010,stress_holdout,put,0.1,projected_lu_single,True,True,True,1,0,2.220446049250313e-15,8.190199005984038e-17,2.835793799212643e-16,2.220446049250313e-16,0.0,2.220446049250313e-16,1.2746950503667641e-17,True,0,3.572003803853363e-14,1.2009282457370318e-12,2.2560336580542152e-15,1.9984014443252818e-14,9.957773335378912e-14,1.2989609388114332e-12,nan,0,
put_T050_s060_r005_q010,stress_holdout,put,0.1,penalty_newton,False,False,True,1,0,1.944444605328499e-12,1.2160883529930702e-13,3.9931121566330697e-13,1.944444605328499e-12,1.944444605328499e-12,2.220446049250313e-16,3.780864510318818e-16,True,0,4.4044053404412863e-10,6.4606831551294874e-09,2.8621636109446836e-12,2.708500090875532e-11,1.7479836105562698e-10,1.8749002350659794e-09,nan,0,100000000.0
put_T050_s060_r005_q010,stress_holdout,put,0.1,policy_iteration,True,True,True,1,0,0.0,0.0,0.0,2.220446049250313e-16,0.0,2.220446049250313e-16,1.6677246938556684e-17,True,0,0.0,0.0,0.0,0.0,0.0,0.0,nan,0,
put_T050_s060_r010_q010,stress_holdout,put,0.1,penalty_newton,False,False,True,1,0,4.0277781110376054e-12,4.744399912772968e-13,1.1267424860913731e-12,4.0277781110376054e-12,4.0277781110376054e-12,1.1102230246251565e-16,1.6222995169263696e-15,True,0,8.376342698161269e-10,1.8277216851103617e-08,6.010072217523526e-12,5.833511451669438e-11,3.662799949436659e-10,3.749900390204175e-09,nan,0,100000000.0
put_T050_s060_r010_q010,stress_holdout,put,0.1,policy_iteration,True,True,True,1,0,0.0,0.0,0.0,1.1102230246251565e-16,0.0,1.1102230246251565e-16,1.3343948604581408e-17,True,0,0.0,0.0,0.0,0.0,0.0,0.0,nan,0,
put_T050_s060_r010_q010,stress_holdout,put,0.1,projected_lu_single,True,True,True,1,0,1.1102230246251565e-15,3.784510178399226e-17,1.2069722081938208e-16,1.1102230246251565e-16,0.0,1.1102230246251565e-16,1.1631974116813897e-17,True,0,3.97783657864655e-15,2.4857893521357255e-13,8.632485544743128e-16,1.3322676295501878e-14,3.9522339038493156e-14,5.995204332975845e-13,nan,0,
put_T050_s060_r010_q010,stress_holdout,put,0.1,psor,True,True,True,1,0,2.610616443073782e-11,6.052341639770937e-12,9.299347089058396e-12,9.971166822992164e-13,0.0,9.971166822992164e-13,1.0802520769336929e-14,True,0,7.56696048413256e-12,5.748990172804724e-10,1.1928231777185678e-11,7.678024882551426e-11,9.368523179318818e-11,7.476219643365312e-09,nan,0,
put_T100_s060_r001_q010,stress_holdout,put,0.1,policy_iteration,True,True,True,1,0,0.0,0.0,0.0,3.3306690738754696e-16,0.0,3.3306690738754696e-16,5.01537375207557e-17,True,0,0.0,0.0,0.0,0.0,0.0,0.0,nan,0,
put_T100_s060_r001_q010,stress_holdout,put,0.1,projected_lu_single,True,True,True,1,0,2.7755575615628914e-15,1.743847914933539e-16,3.732027080176976e-16,2.220446049250313e-16,0.0,2.220446049250313e-16,5.111164721798366e-17,True,0,5.982425203369483e-14,3.2928521020991752e-12,5.424405944351194e-15,4.9960036108132044e-14,3.8342015971834537e-13,3.697042672001771e-12,nan,0,
put_T100_s060_r001_q010,stress_holdout,put,0.1,psor,True,True,True,1,0,1.6337292629842182e-11,4.8008731261067835e-12,6.945087553662465e-12,9.976073786499562e-13,0.0,9.976073786499562e-13,1.0263120570483239e-14,True,0,1.2270277386742616e-16,4.052314039881821e-15,9.163631629072718e-12,3.033183079703683e-11,4.7331086692684677e-11,1.9558354935611533e-09,nan,0,
put_T100_s060_r001_q010,stress_holdout,put,0.1,penalty_newton,True,True,True,1,0,5.555556015224283e-13,8.63694138482579e-15,5.696390083910517e-14,5.555556015224283e-13,5.555556015224283e-13,2.220446049250313e-16,4.8957160067367813e-17,True,0,1.363872125191105e-10,2.2440410363255836e-09,7.668064250279857e-13,8.301692666634608e-12,7.25052936550789e-11,8.018585795355193e-10,nan,0,100000000.0
put_T100_s060_r005_q010,stress_holdout,put,0.1,projected_lu_single,True,True,True,1,0,1.27675647831893e-15,6.056531511979153e-17,1.7759173259590165e-16,2.220446049250313e-16,0.0,2.220446049250313e-16,3.75115466283862e-17,True,0,1.7161734996070286e-14,1.365241253381555e-12,1.2924876334802524e-15,1.1657341758564144e-14,6.273836556061828e-14,5.995204332975845e-13,nan,0,
put_T100_s060_r005_q010,stress_holdout,put,0.1,penalty_newton,False,False,True,1,0,3.888778188354536e-12,2.515587328295979e-13,7.948561648692957e-13,3.888778188354536e-12,3.888778188354536e-12,2.220446049250313e-16,1.512302628771275e-15,True,0,7.154491813802603e-10,1.3926271691389047e-08,5.768096980100571e-12,5.416667114843676e-11,3.541235506915335e-10,3.749800470131959e-09,nan,0,100000000.0
put_T100_s060_r005_q010,stress_holdout,put,0.1,psor,True,True,True,1,0,1.6192441484874642e-11,4.6894038766848195e-12,6.849974758781599e-12,9.987893216482913e-13,0.0,9.987893216482913e-13,8.378906081476662e-15,True,0,7.961014255227402e-12,7.441415261766338e-10,9.067019801891464e-12,2.9402499532316106e-11,3.916439038277048e-11,1.9937052009311174e-09,nan,0,
put_T100_s060_r005_q010,stress_holdout,put,0.1,policy_iteration,True,True,True,1,0,0.0,0.0,0.0,2.220446049250313e-16,0.0,2.220446049250313e-16,2.934105065843808e-17,True,0,0.0,0.0,0.0,0.0,0.0,0.0,nan,0,
put_T100_s060_r010_q010,stress_holdout,put,0.1,penalty_newton,False,False,True,1,0,8.055445199772748e-12,9.80847646164423e-13,2.2263240784451976e-12,8.055445199772748e-12,8.055445199772748e-12,2.220446049250313e-16,6.489108632995133e-15,True,0,2.1490679398087722e-09,6.203926905534729e-08,1.2204934391127225e-11,1.1666667631970995e-10,7.454322655509338e-10,7.49980078040835e-09,nan,0,100000000.0
put_T100_s060_r010_q010,stress_holdout,put,0.1,policy_iteration,True,True,True,1,0,0.0,0.0,0.0,2.220446049250313e-16,0.0,2.220446049250313e-16,3.214727317125333e-17,True,0,0.0,0.0,0.0,0.0,0.0,0.0,nan,0,
put_T100_s060_r010_q010,stress_holdout,put,0.1,psor,True,True,True,1,0,1.625629578866361e-11,4.977804214114381e-12,7.0787321269821635e-12,9.99451172864485e-13,0.0,9.99451172864485e-13,6.282841125060787e-15,True,0,2.9155145890117733e-12,1.882601852187804e-10,9.042429559078287e-12,2.8713269609181857e-11,2.7859581461625956e-11,1.9709733845019173e-09,nan,0,
put_T100_s060_r010_q010,stress_holdout,put,0.1,projected_lu_single,True,True,True,1,0,4.996003610813204e-16,2.8673280163813925e-17,6.885181617669613e-17,1.6653345369377348e-16,0.0,1.6653345369377348e-16,2.6976288832394006e-17,True,0,1.2770340340750864e-14,1.4623857680362562e-12,7.228428057174492e-16,5.773159728050814e-15,3.353485762063827e-14,4.996003610813204e-13,nan,0,
put_T200_s040_r010_q000,test,put,0.0,penalty_newton,False,False,True,1,0,1.6666890090277775e-11,3.5997577269665746e-12,7.0315957685299524e-12,1.6666890090277775e-11,1.6666890090277775e-11,1.6653345369377348e-16,2.777815014999915e-14,True,0,4.2124905721048955e-09,1.7444448863201956e-07,2.949483939546259e-11,2.5000002068509275e-10,1.7548125678974894e-09,1.7668966290074195e-08,nan,0,100000000.0
put_T200_s040_r010_q000,test,put,0.0,psor,True,True,True,1,0,1.798400230818009e-11,5.394483262263491e-12,7.699628788498384e-12,9.978233788277696e-13,0.0,9.978233788277696e-13,1.4034412021436638e-14,True,0,2.811068045005527e-12,2.525023523602954e-10,9.379337653698294e-12,3.7471470371031046e-11,3.957543489337209e-11,3.030725892472219e-09,nan,0,
put_T200_s040_r010_q000,test,put,0.0,projected_lu_single,True,True,True,1,0,2.7755575615628914e-16,1.1874210898339643e-17,2.8119794194748834e-17,1.6653345369377348e-16,0.0,1.6653345369377348e-16,1.6030844057982034e-17,True,0,2.6793382327620444e-15,3.1874503036988244e-13,2.8491984964499122e-16,3.3306690738754696e-15,1.7187467694373947e-14,2.5002222514558525e-13,nan,0,
put_T200_s040_r010_q000,test,put,0.0,policy_iteration,True,True,True,1,0,0.0,0.0,0.0,1.3877787807814457e-16,0.0,1.3877787807814457e-16,1.2284587511365522e-17,True,0,0.0,0.0,0.0,0.0,0.0,0.0,nan,0,
put_T200_s040_r010_q003,test,put,0.03,policy_iteration,True,True,True,1,0,0.0,0.0,0.0,1.3877787807814457e-16,0.0,1.3877787807814457e-16,1.7541628285769933e-17,True,0,0.0,0.0,0.0,0.0,0.0,0.0,nan,0,
put_T200_s040_r010_q003,test,put,0.03,psor,True,True,True,1,0,1.8105265984363905e-11,5.385901075124411e-12,7.71439571259707e-12,9.967172486663456e-13,0.0,9.967172486663456e-13,2.386313212789983e-14,True,0,1.9515990675363543e-12,1.9475598911355974e-10,9.723864951863294e-12,9.435163761395415e-11,7.905690258617137e-11,5.333458674705582e-09,nan,0,
put_T200_s040_r010_q003,test,put,0.03,projected_lu_single,True,True,True,1,0,3.885780586188048e-16,2.1826435161656707e-17,4.832642393241913e-17,1.3877787807814457e-16,0.0,1.3877787807814457e-16,1.2883347258951684e-17,True,0,4.070817756958907e-17,2.886579864025407e-15,3.6248604692759545e-16,4.218847493575595e-15,2.1698656378093803e-14,2.9976021664879227e-13,nan,0,
put_T200_s040_r010_q003,test,put,0.03,penalty_newton,False,False,True,1,0,1.6500023569676614e-11,3.1188936256065184e-12,6.187019416682782e-12,1.6500023569676614e-11,1.6500023569676614e-11,1.6653345369377348e-16,2.722503888930211e-14,True,0,2.9369712116015617e-09,1.7324163292808947e-07,2.7038914740292182e-11,2.4500246276204507e-10,1.6248491710106346e-09,1.499990132103335e-08,nan,0,100000000.0
put_T200_s040_r010_q006,test,put,0.06,projected_lu_single,True,True,True,1,0,7.771561172376096e-16,6.791362642899279e-17,1.4922726003822136e-16,2.220446049250313e-16,0.0,2.220446049250313e-16,1.4595188718867428e-17,True,0,2.79683683620154e-15,1.56097357262297e-13,8.049862600182095e-16,9.2148511043888e-15,2.6270080594462896e-14,2.9976021664879227e-13,nan,0,
put_T200_s040_r010_q006,test,put,0.06,penalty_newton,False,False,True,1,0,1.6333268071377915e-11,2.581316641633605e-12,5.394817904515253e-12,1.6333268071377915e-11,1.6333268071377915e-11,1.6653345369377348e-16,2.667767118253138e-14,True,0,2.468487555103612e-09,8.706409937442317e-08,2.5517175474562872e-11,2.399997978130841e-10,1.5493296833713174e-09,1.499990132103335e-08,nan,0,100000000.0
put_T200_s040_r010_q006,test,put,0.06,psor,True,True,True,1,0,1.752395060658496e-11,5.1406041724406314e-12,7.410302656447547e-12,9.979224478012805e-13,0.0,9.979224478012805e-13,2.5894775735450512e-14,True,0,7.840394999902855e-13,3.1472491279771475e-11,9.571322642579687e-12,9.307965509464111e-11,7.643995757625746e-11,5.247477452563487e-09,nan,0,
put_T200_s040_r010_q006,test,put,0.06,policy_iteration,True,True,True,1,0,0.0,0.0,0.0,1.3877787807814457e-16,0.0,1.3877787807814457e-16,1.521938572568475e-17,True,0,0.0,0.0,0.0,0.0,0.0,0.0,nan,0,
put_T200_s040_r010_q010,test,put,0.1,projected_lu_single,True,True,True,1,0,6.106226635438361e-16,3.332479404360491e-17,8.409040811351892e-17,1.6653345369377348e-16,0.0,1.6653345369377348e-16,1.9720561120182012e-17,True,0,1.6949404842610724e-15,1.340039190722564e-13,6.149584332549154e-16,5.88418203051333e-15,2.882457193630558e-14,2.9976021664879227e-13,nan,0,
put_T200_s040_r010_q010,test,put,0.1,policy_iteration,True,True,True,1,0,0.0,0.0,0.0,1.6653345369377348e-16,0.0,1.6653345369377348e-16,2.1555196287361354e-17,True,0,0.0,0.0,0.0,0.0,0.0,0.0,nan,0,
put_T200_s040_r010_q010,test,put,0.1,psor,True,True,True,1,0,1.7339455392340053e-11,4.990429655306703e-12,7.243561926798486e-12,9.994696043014173e-13,0.0,9.994696043014173e-13,9.614280957578615e-15,True,0,3.2739736847512784e-13,1.2798206938668955e-11,9.470690071229224e-12,5.287648097151987e-11,5.467363153245566e-11,4.69684291459771e-09,nan,0,
put_T200_s040_r010_q010,test,put,0.1,penalty_newton,False,False,True,1,0,1.6111112444150422e-11,1.9728309009175698e-12,4.528868683071742e-12,1.6111112444150422e-11,1.6111112444150422e-11,1.6653345369377348e-16,2.5956792270338966e-14,True,0,1.6881422028787914e-09,4.330568892374487e-08,2.382861083182303e-11,2.333351289962593e-10,1.4459812476544332e-09,1.499990132103335e-08,nan,0,100000000.0
put_T200_s060_r001_q010,stress_holdout,put,0.1,psor,True,True,True,1,0,9.616044072124907e-12,3.344525829014168e-12,4.598519434829926e-12,9.998182837200886e-13,0.0,9.998182837200886e-13,4.2578854453448404e-14,True,0,1.5496863052059477e-17,4.0245584642661925e-16,5.8318507766832775e-12,1.752376022068347e-11,1.0366032411031123e-11,2.8886268377270596e-11,nan,0,
put_T200_s060_r001_q010,stress_holdout,put,0.1,penalty_newton,False,False,True,1,0,1.1111112030448567e-12,2.0770285760137557e-14,1.1447431044707952e-13,1.1111112030448567e-12,1.1111112030448567e-12,5.828670879282072e-16,1.4878306613261532e-16,True,0,1.3176265171536508e-10,4.475601708686661e-09,1.3959577917145642e-12,1.6546763959013333e-11,1.5539248142100724e-10,1.7683854380834418e-09,nan,0,100000000.0
put_T200_s060_r001_q010,stress_holdout,put,0.1,projected_lu_single,True,True,True,1,0,2.886579864025407e-15,3.0423514906540535e-16,5.795529362370842e-16,4.718447854656915e-16,0.0,4.718447854656915e-16,1.252484203692791e-16,True,0,1.1165027236081926e-14,1.0686451723529444e-12,4.840994852436087e-15,3.9968028886505635e-14,2.4389176118818964e-13,2.398081733190338e-12,nan,0,
put_T200_s060_r001_q010,stress_holdout,put,0.1,policy_iteration,True,True,True,1,0,0.0,0.0,0.0,5.273559366969494e-16,0.0,5.273559366969494e-16,1.3076328101334624e-16,True,0,0.0,0.0,0.0,0.0,0.0,0.0,nan,0,
put_T200_s060_r005_q010,stress_holdout,put,0.1,penalty_newton,False,False,True,1,0,7.777889443616459e-12,5.518782753182372e-13,1.5820330030210845e-12,7.777889443616459e-12,7.777889443616459e-12,4.440892098500626e-16,6.049469566988601e-15,True,0,1.2065601663613369e-09,2.893955397542669e-08,1.170102283812779e-11,1.0833511865371293e-10,7.204928789999333e-10,7.500100540624999e-09,nan,0,100000000.0
put_T200_s060_r005_q010,stress_holdout,put,0.1,psor,True,True,True,1,0,9.941117373735153e-12,3.454980432166342e-12,4.7148817434987405e-12,9.996534849898708e-13,0.0,9.996534849898708e-13,3.4428171092753495e-14,True,0,4.212324933305922e-14,1.9485524305196122e-12,5.87732361954578e-12,1.7510187744207428e-11,1.0277304241481043e-11,2.8374178007162243e-11,nan,0,
put_T200_s060_r005_q010,stress_holdout,put,0.1,policy_iteration,True,True,True,1,0,0.0,0.0,0.0,4.996003610813204e-16,0.0,4.996003610813204e-16,8.86387243968567e-17,True,0,0.0,0.0,0.0,0.0,0.0,0.0,nan,0,
put_T200_s060_r005_q010,stress_holdout,put,0.1,projected_lu_single,True,True,True,1,0,1.9984014443252818e-15,1.6624776812919094e-16,3.487650637657252e-16,4.579669976578771e-16,0.0,4.579669976578771e-16,9.142867669348937e-17,True,0,1.9731901298077522e-15,6.572520305780927e-14,1.9920647122408535e-15,1.4988010832439613e-14,5.812887544254564e-14,6.994405055138486e-13,nan,0,
put_T200_s060_r010_q010,stress_holdout,put,0.1,penalty_newton,False,False,True,1,0,1.6111223466452884e-11,2.062266203224138e-12,4.394021102830932e-12,1.6111223466452884e-11,1.6111223466452884e-11,3.608224830031759e-16,2.595697113915865e-14,True,0,1.4451558486931286e-09,3.3459377102307286e-08,2.4660931409655153e-11,2.333333526394199e-10,1.5093118891085387e-09,1.5000201081249998e-08,nan,0,100000000.0
put_T200_s060_r010_q010,stress_holdout,put,0.1,projected_lu_single,True,True,True,1,0,9.992007221626409e-16,1.2045698749882348e-16,2.1974509490061639e-16,3.7470027081099033e-16,0.0,3.7470027081099033e-16,7.961001341816996e-17,True,0,4.510281037539698e-16,2.4091839634365897e-14,8.765738955696605e-16,5.88418203051333e-15,4.0171825977873865e-14,3.9968028886505635e-13,nan,0,
put_T200_s060_r010_q010,stress_holdout,put,0.1,psor,True,True,True,1,0,9.925830990464846e-12,3.4994997109886994e-12,4.750018108764481e-12,9.998503761043942e-13,0.0,9.998503761043942e-13,2.785334628549433e-14,True,0,4.713960703265722e-14,1.9786949856381852e-12,5.823332903246863e-12,1.6989715190263155e-11,1.0095320779806582e-11,2.97761815204467e-11,nan,0,
put_T200_s060_r010_q010,stress_holdout,put,0.1,policy_iteration,True,True,True,1,0,0.0,0.0,0.0,4.163336342344337e-16,0.0,4.163336342344337e-16,6.57118995280144e-17,True,0,0.0,0.0,0.0,0.0,0.0,0.0,nan,0,
