regime_id,option_type,q,repeat,order_position,method,elapsed_seconds,solver_reported_seconds,converged
put_T100_s020_r005_q003,put,0.03,0,0,dirk_policy_sinh,0.59134575,0.5912888329476118,True
put_T100_s020_r005_q003,put,0.03,0,1,published_dirk_p,0.579647917,0.5791910418774933,True
put_T100_s020_r005_q003,put,0.03,1,0,dirk_policy_sinh,0.59223975,0.5918102918658406,True
put_T100_s020_r005_q003,put,0.03,1,1,published_dirk_p,0.57845275,0.5780482911504805,True
put_T100_s020_r005_q003,put,0.03,2,0,published_dirk_p,0.575376917,0.5749734581913799,True
put_T100_s020_r005_q003,put,0.03,2,1,dirk_policy_sinh,0.595136959,0.5947447081562132,True
put_T100_s020_r005_q003,put,0.03,3,0,dirk_policy_sinh,0.655265083,0.6548734169919044,True
put_T100_s020_r005_q003,put,0.03,3,1,published_dirk_p,0.574332708,0.5738944578915834,True
put_T100_s020_r005_q003,put,0.03,4,0,dirk_policy_sinh,0.590960125,0.5904283749405295,True
put_T100_s020_r005_q003,put,0.03,4,1,published_dirk_p,0.575298584,0.5748592920135707,True
put_T100_s020_r005_q003,put,0.03,5,0,published_dirk_p,0.575955166,0.5755081248935312,True
put_T100_s020_r005_q003,put,0.03,5,1,dirk_policy_sinh,0.591712417,0.5912520000711083,True
put_T100_s020_r005_q003,put,0.03,6,0,dirk_policy_sinh,0.595256666,0.5948587919119745,True
put_T100_s020_r005_q003,put,0.03,6,1,published_dirk_p,0.577961334,0.5775535420980304,True
put_T100_s020_r005_q003,put,0.03,7,0,dirk_policy_sinh,0.636926625,0.6362589998170733,True
put_T100_s020_r005_q003,put,0.03,7,1,published_dirk_p,0.62782375,0.6273626671172678,True
put_T100_s020_r005_q003,put,0.03,8,0,published_dirk_p,0.577875917,0.5774489999748766,True
put_T100_s020_r005_q003,put,0.03,8,1,dirk_policy_sinh,0.600972083,0.6005519998725504,True
put_T100_s020_r005_q003,put,0.03,9,0,published_dirk_p,0.580261,0.5798326670192182,True
put_T100_s020_r005_q003,put,0.03,9,1,dirk_policy_sinh,0.604674958,0.6038885409943759,True
put_T100_s020_r005_q003,put,0.03,10,0,dirk_policy_sinh,0.598119959,0.5976262500043958,True
put_T100_s020_r005_q003,put,0.03,10,1,published_dirk_p,0.624919375,0.6244819590356201,True
put_T100_s020_r005_q003,put,0.03,11,0,dirk_policy_sinh,0.598096375,0.5976797922048718,True
put_T100_s020_r005_q003,put,0.03,11,1,published_dirk_p,0.57951325,0.5790970828384161,True
put_T100_s020_r005_q003,put,0.03,12,0,published_dirk_p,0.578890084,0.5785022079944611,True
put_T100_s020_r005_q003,put,0.03,12,1,dirk_policy_sinh,0.594479208,0.5940818339586258,True
put_T100_s020_r005_q003,put,0.03,13,0,dirk_policy_sinh,0.599966667,0.5995616670697927,True
put_T100_s020_r005_q003,put,0.03,13,1,published_dirk_p,0.763251167,0.7628040001727641,True
put_T100_s020_r005_q003,put,0.03,14,0,published_dirk_p,0.689337291,0.6886550418566912,True
put_T100_s020_r005_q003,put,0.03,14,1,dirk_policy_sinh,0.629209041,0.6283709590788931,True
put_T100_s020_r005_q003,put,0.03,15,0,dirk_policy_sinh,0.607588125,0.6071536659728736,True
put_T100_s020_r005_q003,put,0.03,15,1,published_dirk_p,0.578222542,0.5777711670380086,True
put_T100_s020_r005_q003,put,0.03,16,0,dirk_policy_sinh,0.654933166,0.6544518750160933,True
put_T100_s020_r005_q003,put,0.03,16,1,published_dirk_p,0.587065292,0.5865976249333471,True
put_T100_s020_r005_q003,put,0.03,17,0,dirk_policy_sinh,0.638610042,0.6381722919177264,True
put_T100_s020_r005_q003,put,0.03,17,1,published_dirk_p,0.578839167,0.5783965832088143,True
put_T100_s020_r005_q003,put,0.03,18,0,dirk_policy_sinh,0.603116792,0.6026681668590754,True
put_T100_s020_r005_q003,put,0.03,18,1,published_dirk_p,0.584595833,0.5841287919320166,True
put_T100_s020_r005_q003,put,0.03,19,0,dirk_policy_sinh,0.602009,0.60156483319588,True
put_T100_s020_r005_q003,put,0.03,19,1,published_dirk_p,0.588188916,0.5877242910210043,True
put_T100_s020_r005_q003,put,0.03,20,0,dirk_policy_sinh,0.6064975,0.6060409999918193,True
put_T100_s020_r005_q003,put,0.03,20,1,published_dirk_p,0.598242291,0.5977939169388264,True
put_T100_s020_r005_q003,put,0.03,21,0,dirk_policy_sinh,0.682887417,0.6824362080078572,True
put_T100_s020_r005_q003,put,0.03,21,1,published_dirk_p,0.699251541,0.6987974171061069,True
put_T100_s020_r005_q003,put,0.03,22,0,dirk_policy_sinh,0.619195334,0.6187447081319988,True
put_T100_s020_r005_q003,put,0.03,22,1,published_dirk_p,0.595749708,0.5952861250843853,True
put_T100_s020_r005_q003,put,0.03,23,0,dirk_policy_sinh,0.600392875,0.5999499170575291,True
put_T100_s020_r005_q003,put,0.03,23,1,published_dirk_p,0.586420583,0.5859548749867827,True
put_T100_s020_r005_q003,put,0.03,24,0,dirk_policy_sinh,0.606250417,0.6058062908705324,True
put_T100_s020_r005_q003,put,0.03,24,1,published_dirk_p,0.592630833,0.5921792502049357,True
put_T100_s020_r005_q003,put,0.03,25,0,published_dirk_p,0.581368583,0.5809126251842827,True
put_T100_s020_r005_q003,put,0.03,25,1,dirk_policy_sinh,0.609821042,0.6093654169235379,True
put_T100_s020_r005_q003,put,0.03,26,0,published_dirk_p,0.585850958,0.5853992919437587,True
put_T100_s020_r005_q003,put,0.03,26,1,dirk_policy_sinh,0.599772917,0.5993054159916937,True
put_T100_s020_r005_q003,put,0.03,27,0,published_dirk_p,0.586986083,0.5865307501517236,True
put_T100_s020_r005_q003,put,0.03,27,1,dirk_policy_sinh,0.609074416,0.6086194580420852,True
put_T100_s020_r005_q003,put,0.03,28,0,published_dirk_p,0.584665583,0.5842068339698017,True
put_T100_s020_r005_q003,put,0.03,28,1,dirk_policy_sinh,0.606163292,0.605669042095542,True
put_T100_s020_r005_q003,put,0.03,29,0,dirk_policy_sinh,0.682522625,0.6820220840163529,True
put_T100_s020_r005_q003,put,0.03,29,1,published_dirk_p,0.603068916,0.6026045831386,True
call_T100_s020_r005_q006,call,0.06,0,0,published_dirk_p,0.587895125,0.5878277500160038,True
call_T100_s020_r005_q006,call,0.06,0,1,dirk_policy_sinh,0.614633792,0.6142249580007046,True
call_T100_s020_r005_q006,call,0.06,1,0,published_dirk_p,0.585155666,0.5847464159596711,True
call_T100_s020_r005_q006,call,0.06,1,1,dirk_policy_sinh,0.602197959,0.6017793749924749,True
call_T100_s020_r005_q006,call,0.06,2,0,published_dirk_p,0.588357042,0.5879248750861734,True
call_T100_s020_r005_q006,call,0.06,2,1,dirk_policy_sinh,0.601106708,0.6006775409914553,True
call_T100_s020_r005_q006,call,0.06,3,0,dirk_policy_sinh,0.603485542,0.6030889579560608,True
call_T100_s020_r005_q006,call,0.06,3,1,published_dirk_p,0.586540166,0.5861248751170933,True
call_T100_s020_r005_q006,call,0.06,4,0,dirk_policy_sinh,0.608081459,0.6076631660107523,True
call_T100_s020_r005_q006,call,0.06,4,1,published_dirk_p,0.586876209,0.5864230829756707,True
call_T100_s020_r005_q006,call,0.06,5,0,published_dirk_p,0.597372958,0.5969419998582453,True
call_T100_s020_r005_q006,call,0.06,5,1,dirk_policy_sinh,0.596210958,0.5957718749996275,True
call_T100_s020_r005_q006,call,0.06,6,0,published_dirk_p,0.590547875,0.5900872088968754,True
call_T100_s020_r005_q006,call,0.06,6,1,dirk_policy_sinh,0.660479167,0.6600293330848217,True
call_T100_s020_r005_q006,call,0.06,7,0,published_dirk_p,0.596868542,0.596427750075236,True
call_T100_s020_r005_q006,call,0.06,7,1,dirk_policy_sinh,0.599173459,0.5987200420349836,True
call_T100_s020_r005_q006,call,0.06,8,0,dirk_policy_sinh,0.609645833,0.6091327918693423,True
call_T100_s020_r005_q006,call,0.06,8,1,published_dirk_p,0.598916084,0.5984100000932813,True
call_T100_s020_r005_q006,call,0.06,9,0,published_dirk_p,0.607005125,0.6065173749811947,True
call_T100_s020_r005_q006,call,0.06,9,1,dirk_policy_sinh,0.659740125,0.6591525000985712,True
call_T100_s020_r005_q006,call,0.06,10,0,published_dirk_p,0.652151417,0.6515374998562038,True
call_T100_s020_r005_q006,call,0.06,10,1,dirk_policy_sinh,0.603278125,0.6027957089245319,True
call_T100_s020_r005_q006,call,0.06,11,0,dirk_policy_sinh,0.610046042,0.6095879999920726,True
call_T100_s020_r005_q006,call,0.06,11,1,published_dirk_p,0.584987792,0.5845077079720795,True
call_T100_s020_r005_q006,call,0.06,12,0,dirk_policy_sinh,0.607840917,0.6073787079658359,True
call_T100_s020_r005_q006,call,0.06,12,1,published_dirk_p,0.597166125,0.5966867920942605,True
call_T100_s020_r005_q006,call,0.06,13,0,published_dirk_p,0.595451583,0.5949861670378596,True
call_T100_s020_r005_q006,call,0.06,13,1,dirk_policy_sinh,0.603494583,0.603058084147051,True
call_T100_s020_r005_q006,call,0.06,14,0,published_dirk_p,0.586271792,0.5858334167860448,True
call_T100_s020_r005_q006,call,0.06,14,1,dirk_policy_sinh,0.608805125,0.608358500059694,True
call_T100_s020_r005_q006,call,0.06,15,0,dirk_policy_sinh,0.599384875,0.5989510000217706,True
call_T100_s020_r005_q006,call,0.06,15,1,published_dirk_p,0.591568625,0.5910778339020908,True
call_T100_s020_r005_q006,call,0.06,16,0,published_dirk_p,0.592738334,0.5922816668171436,True
call_T100_s020_r005_q006,call,0.06,16,1,dirk_policy_sinh,0.609935291,0.6094602921511978,True
call_T100_s020_r005_q006,call,0.06,17,0,dirk_policy_sinh,0.603178208,0.6027325419709086,True
call_T100_s020_r005_q006,call,0.06,17,1,published_dirk_p,0.598653291,0.5981804998591542,True
call_T100_s020_r005_q006,call,0.06,18,0,published_dirk_p,0.587075958,0.5866330419667065,True
call_T100_s020_r005_q006,call,0.06,18,1,dirk_policy_sinh,0.606978209,0.6064899999182671,True
call_T100_s020_r005_q006,call,0.06,19,0,published_dirk_p,0.609737042,0.6092749580275267,True
call_T100_s020_r005_q006,call,0.06,19,1,dirk_policy_sinh,0.650140958,0.6496527090203017,True
call_T100_s020_r005_q006,call,0.06,20,0,dirk_policy_sinh,0.603688375,0.6032056252006441,True
call_T100_s020_r005_q006,call,0.06,20,1,published_dirk_p,0.654492959,0.6540042920969427,True
call_T100_s020_r005_q006,call,0.06,21,0,published_dirk_p,0.626331958,0.6258643339388072,True
call_T100_s020_r005_q006,call,0.06,21,1,dirk_policy_sinh,0.628293834,0.6278109170962125,True
call_T100_s020_r005_q006,call,0.06,22,0,dirk_policy_sinh,0.620843375,0.6203513750806451,True
call_T100_s020_r005_q006,call,0.06,22,1,published_dirk_p,0.607871583,0.6073927499819547,True
call_T100_s020_r005_q006,call,0.06,23,0,published_dirk_p,0.609907709,0.6094227919820696,True
call_T100_s020_r005_q006,call,0.06,23,1,dirk_policy_sinh,0.659499667,0.6582787500228733,True
call_T100_s020_r005_q006,call,0.06,24,0,dirk_policy_sinh,0.620838542,0.6203422080725431,True
call_T100_s020_r005_q006,call,0.06,24,1,published_dirk_p,0.595650334,0.5951698750723153,True
call_T100_s020_r005_q006,call,0.06,25,0,dirk_policy_sinh,0.601184416,0.6007532079238445,True
call_T100_s020_r005_q006,call,0.06,25,1,published_dirk_p,0.602640875,0.6021889590192586,True
call_T100_s020_r005_q006,call,0.06,26,0,dirk_policy_sinh,0.601117917,0.6006785419303924,True
call_T100_s020_r005_q006,call,0.06,26,1,published_dirk_p,0.589635125,0.5891962500754744,True
call_T100_s020_r005_q006,call,0.06,27,0,published_dirk_p,0.589377958,0.5888915420509875,True
call_T100_s020_r005_q006,call,0.06,27,1,dirk_policy_sinh,0.611299875,0.6108260420151055,True
call_T100_s020_r005_q006,call,0.06,28,0,dirk_policy_sinh,0.609828833,0.6093650839757174,True
call_T100_s020_r005_q006,call,0.06,28,1,published_dirk_p,0.592090959,0.591607625130564,True
call_T100_s020_r005_q006,call,0.06,29,0,published_dirk_p,0.604976959,0.6044916252139956,True
call_T100_s020_r005_q006,call,0.06,29,1,dirk_policy_sinh,0.605402333,0.6049069589935243,True
call_T100_s020_r005_q000,call,0.0,0,0,published_dirk_p,0.563382834,0.5633117922116071,True
call_T100_s020_r005_q000,call,0.0,0,1,dirk_policy_sinh,0.585392416,0.5850111248437315,True
call_T100_s020_r005_q000,call,0.0,1,0,published_dirk_p,0.561105959,0.5606471251230687,True
call_T100_s020_r005_q000,call,0.0,1,1,dirk_policy_sinh,0.592794334,0.5923615419305861,True
call_T100_s020_r005_q000,call,0.0,2,0,published_dirk_p,0.555684167,0.5552445000503212,True
call_T100_s020_r005_q000,call,0.0,2,1,dirk_policy_sinh,0.584350584,0.5838868329301476,True
call_T100_s020_r005_q000,call,0.0,3,0,dirk_policy_sinh,0.588540208,0.5881170418579131,True
call_T100_s020_r005_q000,call,0.0,3,1,published_dirk_p,0.555788833,0.5553215839900076,True
call_T100_s020_r005_q000,call,0.0,4,0,published_dirk_p,0.564170167,0.5637177499011159,True
call_T100_s020_r005_q000,call,0.0,4,1,dirk_policy_sinh,0.583834833,0.5833700830116868,True
call_T100_s020_r005_q000,call,0.0,5,0,published_dirk_p,0.55589475,0.5554508750792593,True
call_T100_s020_r005_q000,call,0.0,5,1,dirk_policy_sinh,0.583325916,0.5828728748019785,True
call_T100_s020_r005_q000,call,0.0,6,0,dirk_policy_sinh,0.587088666,0.5866124159656465,True
call_T100_s020_r005_q000,call,0.0,6,1,published_dirk_p,0.563506083,0.5630162500310689,True
call_T100_s020_r005_q000,call,0.0,7,0,published_dirk_p,0.579410292,0.5789489590097219,True
call_T100_s020_r005_q000,call,0.0,7,1,dirk_policy_sinh,0.582896125,0.5824240001384169,True
call_T100_s020_r005_q000,call,0.0,8,0,dirk_policy_sinh,0.592390375,0.5919354590587318,True
call_T100_s020_r005_q000,call,0.0,8,1,published_dirk_p,0.565745167,0.5652408751193434,True
call_T100_s020_r005_q000,call,0.0,9,0,published_dirk_p,0.569827333,0.5693637498188764,True
call_T100_s020_r005_q000,call,0.0,9,1,dirk_policy_sinh,0.632830209,0.632352874847129,True
call_T100_s020_r005_q000,call,0.0,10,0,published_dirk_p,0.597872167,0.5973519999533892,True
call_T100_s020_r005_q000,call,0.0,10,1,dirk_policy_sinh,0.61385175,0.6133825001306832,True
call_T100_s020_r005_q000,call,0.0,11,0,dirk_policy_sinh,0.58692725,0.5864660840015858,True
call_T100_s020_r005_q000,call,0.0,11,1,published_dirk_p,0.562035041,0.561560207977891,True
call_T100_s020_r005_q000,call,0.0,12,0,dirk_policy_sinh,0.585890459,0.5854374158661813,True
call_T100_s020_r005_q000,call,0.0,12,1,published_dirk_p,0.562709958,0.5622704999987036,True
call_T100_s020_r005_q000,call,0.0,13,0,dirk_policy_sinh,0.583926375,0.5834850419778377,True
call_T100_s020_r005_q000,call,0.0,13,1,published_dirk_p,0.621561458,0.6210680829826742,True
call_T100_s020_r005_q000,call,0.0,14,0,dirk_policy_sinh,0.606177791,0.6057117080781609,True
call_T100_s020_r005_q000,call,0.0,14,1,published_dirk_p,0.561945709,0.5614416659809649,True
call_T100_s020_r005_q000,call,0.0,15,0,dirk_policy_sinh,0.615453292,0.6149784999433905,True
call_T100_s020_r005_q000,call,0.0,15,1,published_dirk_p,0.587849166,0.5873627078253776,True
call_T100_s020_r005_q000,call,0.0,16,0,dirk_policy_sinh,0.600008,0.5995436669327319,True
call_T100_s020_r005_q000,call,0.0,16,1,published_dirk_p,0.556378625,0.5558978749904782,True
call_T100_s020_r005_q000,call,0.0,17,0,dirk_policy_sinh,0.600615042,0.600149542093277,True
call_T100_s020_r005_q000,call,0.0,17,1,published_dirk_p,0.569701875,0.569206333020702,True
call_T100_s020_r005_q000,call,0.0,18,0,dirk_policy_sinh,0.59047675,0.5900113328825682,True
call_T100_s020_r005_q000,call,0.0,18,1,published_dirk_p,0.561271416,0.5607674580533057,True
call_T100_s020_r005_q000,call,0.0,19,0,dirk_policy_sinh,0.592861625,0.5924131250940263,True
call_T100_s020_r005_q000,call,0.0,19,1,published_dirk_p,0.557752,0.5572961671277881,True
call_T100_s020_r005_q000,call,0.0,20,0,published_dirk_p,0.577880875,0.5773451670538634,True
call_T100_s020_r005_q000,call,0.0,20,1,dirk_policy_sinh,0.5876385,0.587040500016883,True
call_T100_s020_r005_q000,call,0.0,21,0,published_dirk_p,0.577709917,0.5769037918653339,True
call_T100_s020_r005_q000,call,0.0,21,1,dirk_policy_sinh,0.631721334,0.6312211670447141,True
call_T100_s020_r005_q000,call,0.0,22,0,published_dirk_p,0.560928084,0.5604225411079824,True
call_T100_s020_r005_q000,call,0.0,22,1,dirk_policy_sinh,0.5857965,0.5853437080513686,True
call_T100_s020_r005_q000,call,0.0,23,0,dirk_policy_sinh,0.592480958,0.5919672090094537,True
call_T100_s020_r005_q000,call,0.0,23,1,published_dirk_p,0.565409833,0.5649121669121087,True
call_T100_s020_r005_q000,call,0.0,24,0,published_dirk_p,0.615041916,0.6145281251519918,True
call_T100_s020_r005_q000,call,0.0,24,1,dirk_policy_sinh,0.6125805,0.6120933338534087,True
call_T100_s020_r005_q000,call,0.0,25,0,published_dirk_p,0.565231667,0.5647433751728386,True
call_T100_s020_r005_q000,call,0.0,25,1,dirk_policy_sinh,0.589335166,0.5888593751005828,True
call_T100_s020_r005_q000,call,0.0,26,0,published_dirk_p,0.569038625,0.5685641670133919,True
call_T100_s020_r005_q000,call,0.0,26,1,dirk_policy_sinh,0.615502542,0.614996749907732,True
call_T100_s020_r005_q000,call,0.0,27,0,dirk_policy_sinh,0.601634625,0.6011437920387834,True
call_T100_s020_r005_q000,call,0.0,27,1,published_dirk_p,0.558141584,0.5576514999847859,True
call_T100_s020_r005_q000,call,0.0,28,0,published_dirk_p,0.561595,0.5611089169979095,True
call_T100_s020_r005_q000,call,0.0,28,1,dirk_policy_sinh,0.617672083,0.617195500060916,True
call_T100_s020_r005_q000,call,0.0,29,0,published_dirk_p,0.559999625,0.5594440419226885,True
call_T100_s020_r005_q000,call,0.0,29,1,dirk_policy_sinh,0.590015209,0.589535207953304,True
put_T025_s020_r001_q000,put,0.0,0,0,published_dirk_p,0.573386208,0.5733268749900162,True
put_T025_s020_r001_q000,put,0.0,0,1,dirk_policy_sinh,0.6036335,0.6031864997930825,True
put_T025_s020_r001_q000,put,0.0,1,0,published_dirk_p,0.610334208,0.6098496671766043,True
put_T025_s020_r001_q000,put,0.0,1,1,dirk_policy_sinh,0.648780833,0.6482361669186503,True
put_T025_s020_r001_q000,put,0.0,2,0,published_dirk_p,0.608317917,0.6078303749673069,True
put_T025_s020_r001_q000,put,0.0,2,1,dirk_policy_sinh,0.602350041,0.6019114579539746,True
put_T025_s020_r001_q000,put,0.0,3,0,dirk_policy_sinh,0.596672083,0.5961938749533147,True
put_T025_s020_r001_q000,put,0.0,3,1,published_dirk_p,0.60307675,0.602471541846171,True
put_T025_s020_r001_q000,put,0.0,4,0,published_dirk_p,0.597314833,0.5968583330977708,True
put_T025_s020_r001_q000,put,0.0,4,1,dirk_policy_sinh,0.617754875,0.617287167115137,True
put_T025_s020_r001_q000,put,0.0,5,0,published_dirk_p,0.5838845,0.5834159168880433,True
put_T025_s020_r001_q000,put,0.0,5,1,dirk_policy_sinh,0.593604,0.5931618330068886,True
put_T025_s020_r001_q000,put,0.0,6,0,dirk_policy_sinh,0.603522708,0.6031034169718623,True
put_T025_s020_r001_q000,put,0.0,6,1,published_dirk_p,0.578332083,0.5778683330863714,True
put_T025_s020_r001_q000,put,0.0,7,0,published_dirk_p,0.583651083,0.5831725830212235,True
put_T025_s020_r001_q000,put,0.0,7,1,dirk_policy_sinh,0.598270791,0.5978154169861227,True
put_T025_s020_r001_q000,put,0.0,8,0,published_dirk_p,0.616267125,0.6157419588416815,True
put_T025_s020_r001_q000,put,0.0,8,1,dirk_policy_sinh,0.61193325,0.6114609590731561,True
put_T025_s020_r001_q000,put,0.0,9,0,published_dirk_p,0.573437083,0.5729659160133451,True
put_T025_s020_r001_q000,put,0.0,9,1,dirk_policy_sinh,0.61351275,0.6130984171759337,True
put_T025_s020_r001_q000,put,0.0,10,0,published_dirk_p,0.570277,0.5698617501184344,True
put_T025_s020_r001_q000,put,0.0,10,1,dirk_policy_sinh,0.596622708,0.5961618751753122,True
put_T025_s020_r001_q000,put,0.0,11,0,published_dirk_p,0.576244875,0.575801125029102,True
put_T025_s020_r001_q000,put,0.0,11,1,dirk_policy_sinh,0.606249375,0.605433874996379,True
put_T025_s020_r001_q000,put,0.0,12,0,published_dirk_p,0.588994041,0.5885166667867452,True
put_T025_s020_r001_q000,put,0.0,12,1,dirk_policy_sinh,0.618085458,0.6176151249092072,True
put_T025_s020_r001_q000,put,0.0,13,0,dirk_policy_sinh,0.602442833,0.6019764579832554,True
put_T025_s020_r001_q000,put,0.0,13,1,published_dirk_p,0.5754535,0.5749872920569032,True
put_T025_s020_r001_q000,put,0.0,14,0,dirk_policy_sinh,0.594634791,0.5941936250310391,True
put_T025_s020_r001_q000,put,0.0,14,1,published_dirk_p,0.638977542,0.6384973330423236,True
put_T025_s020_r001_q000,put,0.0,15,0,published_dirk_p,0.587725208,0.5872507910244167,True
put_T025_s020_r001_q000,put,0.0,15,1,dirk_policy_sinh,0.650042416,0.6493482501246035,True
put_T025_s020_r001_q000,put,0.0,16,0,dirk_policy_sinh,0.6202145,0.6197051669005305,True
put_T025_s020_r001_q000,put,0.0,16,1,published_dirk_p,0.5727305,0.5722718751057982,True
put_T025_s020_r001_q000,put,0.0,17,0,published_dirk_p,0.596114792,0.595631959149614,True
put_T025_s020_r001_q000,put,0.0,17,1,dirk_policy_sinh,0.608745667,0.6082597498316318,True
put_T025_s020_r001_q000,put,0.0,18,0,published_dirk_p,0.587551084,0.5870917499996722,True
put_T025_s020_r001_q000,put,0.0,18,1,dirk_policy_sinh,0.595384292,0.5949085419997573,True
put_T025_s020_r001_q000,put,0.0,19,0,published_dirk_p,0.578932167,0.5784647080581635,True
put_T025_s020_r001_q000,put,0.0,19,1,dirk_policy_sinh,0.624070292,0.6235959168989211,True
put_T025_s020_r001_q000,put,0.0,20,0,dirk_policy_sinh,0.61046975,0.6100180840585381,True
put_T025_s020_r001_q000,put,0.0,20,1,published_dirk_p,0.58751925,0.5868670830968767,True
put_T025_s020_r001_q000,put,0.0,21,0,dirk_policy_sinh,0.643190917,0.6426810000557452,True
put_T025_s020_r001_q000,put,0.0,21,1,published_dirk_p,0.579431959,0.5789705000352114,True
put_T025_s020_r001_q000,put,0.0,22,0,dirk_policy_sinh,0.60593175,0.605488333851099,True
put_T025_s020_r001_q000,put,0.0,22,1,published_dirk_p,0.572589,0.5720929158851504,True
put_T025_s020_r001_q000,put,0.0,23,0,published_dirk_p,0.57351825,0.5730051249265671,True
put_T025_s020_r001_q000,put,0.0,23,1,dirk_policy_sinh,0.600711917,0.6002383749000728,True
put_T025_s020_r001_q000,put,0.0,24,0,published_dirk_p,0.585679625,0.5852250831667334,True
put_T025_s020_r001_q000,put,0.0,24,1,dirk_policy_sinh,0.590620667,0.5901399999856949,True
put_T025_s020_r001_q000,put,0.0,25,0,published_dirk_p,0.571930417,0.5714937499724329,True
put_T025_s020_r001_q000,put,0.0,25,1,dirk_policy_sinh,0.603997708,0.6035416249651462,True
put_T025_s020_r001_q000,put,0.0,26,0,published_dirk_p,0.572806,0.5723533749114722,True
put_T025_s020_r001_q000,put,0.0,26,1,dirk_policy_sinh,0.60482475,0.6043799999170005,True
put_T025_s020_r001_q000,put,0.0,27,0,dirk_policy_sinh,0.594557083,0.5941302080173045,True
put_T025_s020_r001_q000,put,0.0,27,1,published_dirk_p,0.573636708,0.5731877081561834,True
put_T025_s020_r001_q000,put,0.0,28,0,dirk_policy_sinh,0.645543,0.6450802499894053,True
put_T025_s020_r001_q000,put,0.0,28,1,published_dirk_p,0.583618041,0.5831369170919061,True
put_T025_s020_r001_q000,put,0.0,29,0,dirk_policy_sinh,0.593684458,0.5932069581467658,True
put_T025_s020_r001_q000,put,0.0,29,1,published_dirk_p,0.57891275,0.5784539999440312,True
call_T025_s020_r001_q000,call,0.0,0,0,published_dirk_p,0.5628455,0.5627817090135068,True
call_T025_s020_r001_q000,call,0.0,0,1,dirk_policy_sinh,0.608530417,0.6080742911435664,True
call_T025_s020_r001_q000,call,0.0,1,0,dirk_policy_sinh,0.58721025,0.5867433331441134,True
call_T025_s020_r001_q000,call,0.0,1,1,published_dirk_p,0.561120625,0.5606297918129712,True
call_T025_s020_r001_q000,call,0.0,2,0,published_dirk_p,0.561335167,0.5608335831202567,True
call_T025_s020_r001_q000,call,0.0,2,1,dirk_policy_sinh,0.589418833,0.5889684578869492,True
call_T025_s020_r001_q000,call,0.0,3,0,dirk_policy_sinh,0.595284667,0.5948247921187431,True
call_T025_s020_r001_q000,call,0.0,3,1,published_dirk_p,0.581343542,0.5808360001537949,True
call_T025_s020_r001_q000,call,0.0,4,0,dirk_policy_sinh,0.592585917,0.5921431249007583,True
call_T025_s020_r001_q000,call,0.0,4,1,published_dirk_p,0.561522792,0.5610638749785721,True
call_T025_s020_r001_q000,call,0.0,5,0,dirk_policy_sinh,0.591970209,0.5915132919326425,True
call_T025_s020_r001_q000,call,0.0,5,1,published_dirk_p,0.625515792,0.625032874988392,True
call_T025_s020_r001_q000,call,0.0,6,0,dirk_policy_sinh,0.588981417,0.588523417012766,True
call_T025_s020_r001_q000,call,0.0,6,1,published_dirk_p,0.565263625,0.5647816669661552,True
call_T025_s020_r001_q000,call,0.0,7,0,published_dirk_p,0.563110917,0.5626748751383275,True
call_T025_s020_r001_q000,call,0.0,7,1,dirk_policy_sinh,0.600618541,0.6001331249717623,True
call_T025_s020_r001_q000,call,0.0,8,0,published_dirk_p,0.559007625,0.5585180001799017,True
call_T025_s020_r001_q000,call,0.0,8,1,dirk_policy_sinh,0.593544667,0.5930320420302451,True
call_T025_s020_r001_q000,call,0.0,9,0,dirk_policy_sinh,0.58557675,0.5850912497844547,True
call_T025_s020_r001_q000,call,0.0,9,1,published_dirk_p,0.568075375,0.5675578750669956,True
call_T025_s020_r001_q000,call,0.0,10,0,published_dirk_p,0.577705708,0.5772217500489205,True
call_T025_s020_r001_q000,call,0.0,10,1,dirk_policy_sinh,0.607358834,0.6067874999716878,True
call_T025_s020_r001_q000,call,0.0,11,0,published_dirk_p,0.580019667,0.5794170419685543,True
call_T025_s020_r001_q000,call,0.0,11,1,dirk_policy_sinh,0.602328125,0.6018333749379963,True
call_T025_s020_r001_q000,call,0.0,12,0,published_dirk_p,0.574698416,0.5742012499831617,True
call_T025_s020_r001_q000,call,0.0,12,1,dirk_policy_sinh,0.6206325,0.6200960839632899,True
call_T025_s020_r001_q000,call,0.0,13,0,dirk_policy_sinh,0.591113209,0.5906708328984678,True
call_T025_s020_r001_q000,call,0.0,13,1,published_dirk_p,0.573369458,0.5728711658157408,True
call_T025_s020_r001_q000,call,0.0,14,0,published_dirk_p,0.581474334,0.5809931671246886,True
call_T025_s020_r001_q000,call,0.0,14,1,dirk_policy_sinh,0.603540792,0.603023000061512,True
call_T025_s020_r001_q000,call,0.0,15,0,dirk_policy_sinh,0.590066833,0.5895951669663191,True
call_T025_s020_r001_q000,call,0.0,15,1,published_dirk_p,0.5729565,0.5724600001703948,True
call_T025_s020_r001_q000,call,0.0,16,0,published_dirk_p,0.557759041,0.5573009578511119,True
call_T025_s020_r001_q000,call,0.0,16,1,dirk_policy_sinh,0.5923325,0.5918658750597388,True
call_T025_s020_r001_q000,call,0.0,17,0,dirk_policy_sinh,0.588689208,0.5882311670575291,True
call_T025_s020_r001_q000,call,0.0,17,1,published_dirk_p,0.566328959,0.5658654591534287,True
call_T025_s020_r001_q000,call,0.0,18,0,published_dirk_p,0.55879325,0.55835000006482,True
call_T025_s020_r001_q000,call,0.0,18,1,dirk_policy_sinh,0.594393916,0.5939094580244273,True
call_T025_s020_r001_q000,call,0.0,19,0,dirk_policy_sinh,0.64908525,0.6486219160724431,True
call_T025_s020_r001_q000,call,0.0,19,1,published_dirk_p,0.5648265,0.5643479169812053,True
call_T025_s020_r001_q000,call,0.0,20,0,dirk_policy_sinh,0.606635666,0.6061588749289513,True
call_T025_s020_r001_q000,call,0.0,20,1,published_dirk_p,0.557849417,0.557353625074029,True
call_T025_s020_r001_q000,call,0.0,21,0,published_dirk_p,0.571950709,0.5714711251202971,True
call_T025_s020_r001_q000,call,0.0,21,1,dirk_policy_sinh,0.600100041,0.59962133388035,True
call_T025_s020_r001_q000,call,0.0,22,0,dirk_policy_sinh,0.663543167,0.6630468340590596,True
call_T025_s020_r001_q000,call,0.0,22,1,published_dirk_p,0.563714833,0.5632215419318527,True
call_T025_s020_r001_q000,call,0.0,23,0,published_dirk_p,0.569839458,0.5693800419103354,True
call_T025_s020_r001_q000,call,0.0,23,1,dirk_policy_sinh,0.593994083,0.5935386251658201,True
call_T025_s020_r001_q000,call,0.0,24,0,published_dirk_p,0.560308625,0.5598583330865949,True
call_T025_s020_r001_q000,call,0.0,24,1,dirk_policy_sinh,0.599513959,0.5990595840848982,True
call_T025_s020_r001_q000,call,0.0,25,0,published_dirk_p,0.564208458,0.5637059998698533,True
call_T025_s020_r001_q000,call,0.0,25,1,dirk_policy_sinh,0.586721,0.5862450001295656,True
call_T025_s020_r001_q000,call,0.0,26,0,dirk_policy_sinh,0.593258042,0.5928012919612229,True
call_T025_s020_r001_q000,call,0.0,26,1,published_dirk_p,0.561337666,0.5608398751355708,True
call_T025_s020_r001_q000,call,0.0,27,0,published_dirk_p,0.565987625,0.5655160841997713,True
call_T025_s020_r001_q000,call,0.0,27,1,dirk_policy_sinh,0.586056708,0.5856007500551641,True
call_T025_s020_r001_q000,call,0.0,28,0,published_dirk_p,0.568869958,0.5684233750216663,True
call_T025_s020_r001_q000,call,0.0,28,1,dirk_policy_sinh,0.58999275,0.589517334010452,True
call_T025_s020_r001_q000,call,0.0,29,0,dirk_policy_sinh,0.612725,0.6122182079125196,True
call_T025_s020_r001_q000,call,0.0,29,1,published_dirk_p,0.5604715,0.5599868330173194,True
put_T200_s060_r010_q010,put,0.1,0,0,dirk_policy_sinh,0.600496917,0.6004571251105517,True
put_T200_s060_r010_q010,put,0.1,0,1,published_dirk_p,0.62350325,0.6230869579594582,True
put_T200_s060_r010_q010,put,0.1,1,0,dirk_policy_sinh,0.599496208,0.599066625116393,True
put_T200_s060_r010_q010,put,0.1,1,1,published_dirk_p,0.622508917,0.622049915837124,True
put_T200_s060_r010_q010,put,0.1,2,0,dirk_policy_sinh,0.601645666,0.6011000829748809,True
put_T200_s060_r010_q010,put,0.1,2,1,published_dirk_p,0.615864833,0.6154392079915851,True
put_T200_s060_r010_q010,put,0.1,3,0,dirk_policy_sinh,0.607865042,0.6074509171303362,True
put_T200_s060_r010_q010,put,0.1,3,1,published_dirk_p,0.611970375,0.6115659170318395,True
put_T200_s060_r010_q010,put,0.1,4,0,dirk_policy_sinh,0.666433084,0.6656604998279363,True
put_T200_s060_r010_q010,put,0.1,4,1,published_dirk_p,0.735607958,0.7345470001455396,True
put_T200_s060_r010_q010,put,0.1,5,0,published_dirk_p,0.621119917,0.6206193750258535,True
put_T200_s060_r010_q010,put,0.1,5,1,dirk_policy_sinh,0.610133583,0.6096696248278022,True
put_T200_s060_r010_q010,put,0.1,6,0,dirk_policy_sinh,0.611185667,0.6107083749957383,True
put_T200_s060_r010_q010,put,0.1,6,1,published_dirk_p,0.614341625,0.613886957988143,True
put_T200_s060_r010_q010,put,0.1,7,0,published_dirk_p,0.624767042,0.6242602500133216,True
put_T200_s060_r010_q010,put,0.1,7,1,dirk_policy_sinh,0.634519583,0.6340383749920875,True
put_T200_s060_r010_q010,put,0.1,8,0,dirk_policy_sinh,0.625366625,0.6249196669086814,True
put_T200_s060_r010_q010,put,0.1,8,1,published_dirk_p,0.658056666,0.6573488330468535,True
put_T200_s060_r010_q010,put,0.1,9,0,published_dirk_p,0.676533541,0.6759894168935716,True
put_T200_s060_r010_q010,put,0.1,9,1,dirk_policy_sinh,0.618162041,0.6176855419762433,True
put_T200_s060_r010_q010,put,0.1,10,0,dirk_policy_sinh,0.629672125,0.6292289588600397,True
put_T200_s060_r010_q010,put,0.1,10,1,published_dirk_p,0.613279458,0.6128426659852266,True
put_T200_s060_r010_q010,put,0.1,11,0,dirk_policy_sinh,0.62780375,0.6273342920467257,True
put_T200_s060_r010_q010,put,0.1,11,1,published_dirk_p,0.614231834,0.6137892080005258,True
put_T200_s060_r010_q010,put,0.1,12,0,dirk_policy_sinh,0.60547875,0.6050483752042055,True
put_T200_s060_r010_q010,put,0.1,12,1,published_dirk_p,0.639808709,0.6393472079653293,True
put_T200_s060_r010_q010,put,0.1,13,0,dirk_policy_sinh,0.663271541,0.6627873750403523,True
put_T200_s060_r010_q010,put,0.1,13,1,published_dirk_p,0.67008125,0.669570375001058,True
put_T200_s060_r010_q010,put,0.1,14,0,published_dirk_p,0.639060416,0.6385654578916728,True
put_T200_s060_r010_q010,put,0.1,14,1,dirk_policy_sinh,0.619629708,0.6191886668093503,True
put_T200_s060_r010_q010,put,0.1,15,0,published_dirk_p,0.623471334,0.6229946250095963,True
put_T200_s060_r010_q010,put,0.1,15,1,dirk_policy_sinh,0.628387875,0.6279115830548108,True
put_T200_s060_r010_q010,put,0.1,16,0,published_dirk_p,0.61988525,0.619416874833405,True
put_T200_s060_r010_q010,put,0.1,16,1,dirk_policy_sinh,0.618441958,0.6180070419795811,True
put_T200_s060_r010_q010,put,0.1,17,0,published_dirk_p,0.622248708,0.6217707500327379,True
put_T200_s060_r010_q010,put,0.1,17,1,dirk_policy_sinh,0.608006334,0.6075413329526782,True
put_T200_s060_r010_q010,put,0.1,18,0,published_dirk_p,0.61961575,0.6191381250973791,True
put_T200_s060_r010_q010,put,0.1,18,1,dirk_policy_sinh,0.611811,0.611335291992873,True
put_T200_s060_r010_q010,put,0.1,19,0,dirk_policy_sinh,0.614008,0.6135679581202567,True
put_T200_s060_r010_q010,put,0.1,19,1,published_dirk_p,0.625844459,0.6253952910192311,True
put_T200_s060_r010_q010,put,0.1,20,0,published_dirk_p,0.616099083,0.6156202910933644,True
put_T200_s060_r010_q010,put,0.1,20,1,dirk_policy_sinh,0.761471792,0.7608629581518471,True
put_T200_s060_r010_q010,put,0.1,21,0,published_dirk_p,0.65445375,0.653711749939248,True
put_T200_s060_r010_q010,put,0.1,21,1,dirk_policy_sinh,0.620715125,0.6201123329810798,True
put_T200_s060_r010_q010,put,0.1,22,0,published_dirk_p,0.675414,0.6749382081907243,True
put_T200_s060_r010_q010,put,0.1,22,1,dirk_policy_sinh,0.618270834,0.6178310830146074,True
put_T200_s060_r010_q010,put,0.1,23,0,dirk_policy_sinh,0.618479417,0.6180364589672536,True
put_T200_s060_r010_q010,put,0.1,23,1,published_dirk_p,0.623515708,0.6230770000256598,True
put_T200_s060_r010_q010,put,0.1,24,0,published_dirk_p,0.619988042,0.6195466660428792,True
put_T200_s060_r010_q010,put,0.1,24,1,dirk_policy_sinh,0.681065708,0.6805867089424282,True
put_T200_s060_r010_q010,put,0.1,25,0,dirk_policy_sinh,0.628126125,0.6274657500907779,True
put_T200_s060_r010_q010,put,0.1,25,1,published_dirk_p,0.631686792,0.6311896669212729,True
put_T200_s060_r010_q010,put,0.1,26,0,dirk_policy_sinh,0.620352583,0.619900125078857,True
put_T200_s060_r010_q010,put,0.1,26,1,published_dirk_p,0.618626416,0.6181828749831766,True
put_T200_s060_r010_q010,put,0.1,27,0,published_dirk_p,0.621686542,0.6212480829562992,True
put_T200_s060_r010_q010,put,0.1,27,1,dirk_policy_sinh,0.70057975,0.7000295829493552,True
put_T200_s060_r010_q010,put,0.1,28,0,published_dirk_p,0.733867417,0.7332624578848481,True
put_T200_s060_r010_q010,put,0.1,28,1,dirk_policy_sinh,0.616666125,0.6161799158435315,True
put_T200_s060_r010_q010,put,0.1,29,0,dirk_policy_sinh,0.625009917,0.6244912080001086,True
put_T200_s060_r010_q010,put,0.1,29,1,published_dirk_p,0.6263065,0.6258446669671685,True
call_T200_s060_r010_q010,call,0.1,0,0,dirk_policy_sinh,0.631997125,0.6319367089308798,True
call_T200_s060_r010_q010,call,0.1,0,1,published_dirk_p,0.686137875,0.6856997499708086,True
call_T200_s060_r010_q010,call,0.1,1,0,dirk_policy_sinh,0.623844417,0.6233902079984546,True
call_T200_s060_r010_q010,call,0.1,1,1,published_dirk_p,0.6774175,0.6769073330797255,True
call_T200_s060_r010_q010,call,0.1,2,0,published_dirk_p,0.685477458,0.6849952500779182,True
call_T200_s060_r010_q010,call,0.1,2,1,dirk_policy_sinh,0.615635583,0.6151832081377506,True
call_T200_s060_r010_q010,call,0.1,3,0,dirk_policy_sinh,0.620595291,0.6201352910138667,True
call_T200_s060_r010_q010,call,0.1,3,1,published_dirk_p,0.694722375,0.6941785418894142,True
call_T200_s060_r010_q010,call,0.1,4,0,dirk_policy_sinh,0.634110333,0.6335934170056134,True
call_T200_s060_r010_q010,call,0.1,4,1,published_dirk_p,0.710672125,0.7101712909061462,True
call_T200_s060_r010_q010,call,0.1,5,0,dirk_policy_sinh,0.62854375,0.6280920410063118,True
call_T200_s060_r010_q010,call,0.1,5,1,published_dirk_p,0.722464417,0.7219034170266241,True
call_T200_s060_r010_q010,call,0.1,6,0,published_dirk_p,0.691070875,0.6905085421167314,True
call_T200_s060_r010_q010,call,0.1,6,1,dirk_policy_sinh,0.632480667,0.6319956248626113,True
call_T200_s060_r010_q010,call,0.1,7,0,dirk_policy_sinh,0.624202709,0.6237152500543743,True
call_T200_s060_r010_q010,call,0.1,7,1,published_dirk_p,0.688952,0.6884421668946743,True
call_T200_s060_r010_q010,call,0.1,8,0,dirk_policy_sinh,0.632955167,0.6324734999798238,True
call_T200_s060_r010_q010,call,0.1,8,1,published_dirk_p,0.681886583,0.6813971251249313,True
call_T200_s060_r010_q010,call,0.1,9,0,published_dirk_p,0.690096917,0.6896142500918359,True
call_T200_s060_r010_q010,call,0.1,9,1,dirk_policy_sinh,0.622670584,0.622183624887839,True
call_T200_s060_r010_q010,call,0.1,10,0,dirk_policy_sinh,0.671687958,0.6712079579010606,True
call_T200_s060_r010_q010,call,0.1,10,1,published_dirk_p,0.690920167,0.6904199169948697,True
call_T200_s060_r010_q010,call,0.1,11,0,dirk_policy_sinh,0.626262875,0.6257800830062479,True
call_T200_s060_r010_q010,call,0.1,11,1,published_dirk_p,0.689200167,0.6886834998149425,True
call_T200_s060_r010_q010,call,0.1,12,0,dirk_policy_sinh,0.633422959,0.6329342499375343,True
call_T200_s060_r010_q010,call,0.1,12,1,published_dirk_p,0.679978959,0.6794784590601921,True
call_T200_s060_r010_q010,call,0.1,13,0,dirk_policy_sinh,0.624876709,0.6244073749985546,True
call_T200_s060_r010_q010,call,0.1,13,1,published_dirk_p,0.682934458,0.6824562910478562,True
call_T200_s060_r010_q010,call,0.1,14,0,published_dirk_p,0.691689292,0.6911969159264117,True
call_T200_s060_r010_q010,call,0.1,14,1,dirk_policy_sinh,0.624347125,0.6238558751065284,True
call_T200_s060_r010_q010,call,0.1,15,0,dirk_policy_sinh,0.624045375,0.6236377919558436,True
call_T200_s060_r010_q010,call,0.1,15,1,published_dirk_p,0.675778416,0.6752776671200991,True
call_T200_s060_r010_q010,call,0.1,16,0,dirk_policy_sinh,0.652643292,0.6518041659146547,True
call_T200_s060_r010_q010,call,0.1,16,1,published_dirk_p,0.711434625,0.7108140410855412,True
call_T200_s060_r010_q010,call,0.1,17,0,dirk_policy_sinh,0.648936667,0.6484360420145094,True
call_T200_s060_r010_q010,call,0.1,17,1,published_dirk_p,0.70173625,0.7012414170894772,True
call_T200_s060_r010_q010,call,0.1,18,0,published_dirk_p,0.68047625,0.6800037908833474,True
call_T200_s060_r010_q010,call,0.1,18,1,dirk_policy_sinh,0.634552292,0.6340611248742789,True
call_T200_s060_r010_q010,call,0.1,19,0,published_dirk_p,0.690452083,0.6899701249785721,True
call_T200_s060_r010_q010,call,0.1,19,1,dirk_policy_sinh,0.630792583,0.6303012908902019,True
call_T200_s060_r010_q010,call,0.1,20,0,dirk_policy_sinh,0.628476541,0.6279722501058131,True
call_T200_s060_r010_q010,call,0.1,20,1,published_dirk_p,0.691363375,0.6908500001300126,True
call_T200_s060_r010_q010,call,0.1,21,0,dirk_policy_sinh,0.628951375,0.6284978331532329,True
call_T200_s060_r010_q010,call,0.1,21,1,published_dirk_p,0.679256625,0.6787827499210835,True
call_T200_s060_r010_q010,call,0.1,22,0,published_dirk_p,0.738478333,0.7379849168937653,True
call_T200_s060_r010_q010,call,0.1,22,1,dirk_policy_sinh,0.633432208,0.6329264170490205,True
call_T200_s060_r010_q010,call,0.1,23,0,dirk_policy_sinh,0.667076541,0.6661687500309199,True
call_T200_s060_r010_q010,call,0.1,23,1,published_dirk_p,0.712226542,0.7113992921076715,True
call_T200_s060_r010_q010,call,0.1,24,0,dirk_policy_sinh,0.629847833,0.6293391671497375,True
call_T200_s060_r010_q010,call,0.1,24,1,published_dirk_p,0.680846584,0.6803740418981761,True
call_T200_s060_r010_q010,call,0.1,25,0,published_dirk_p,0.687994792,0.6875223750248551,True
call_T200_s060_r010_q010,call,0.1,25,1,dirk_policy_sinh,0.629493834,0.6289871248882264,True
call_T200_s060_r010_q010,call,0.1,26,0,published_dirk_p,0.68564325,0.6850968331564218,True
call_T200_s060_r010_q010,call,0.1,26,1,dirk_policy_sinh,0.634273916,0.6337730409577489,True
call_T200_s060_r010_q010,call,0.1,27,0,dirk_policy_sinh,0.630604875,0.6301080419216305,True
call_T200_s060_r010_q010,call,0.1,27,1,published_dirk_p,0.717283833,0.7167580830864608,True
call_T200_s060_r010_q010,call,0.1,28,0,dirk_policy_sinh,0.7044135,0.7039216661360115,True
call_T200_s060_r010_q010,call,0.1,28,1,published_dirk_p,0.711963416,0.7114488750230521,True
call_T200_s060_r010_q010,call,0.1,29,0,published_dirk_p,0.697876125,0.6973459590226412,True
call_T200_s060_r010_q010,call,0.1,29,1,dirk_policy_sinh,0.632183625,0.6317167500965297,True
put_T200_s020_r001_q010,put,0.1,0,0,published_dirk_p,0.561867791,0.5618041248526424,True
put_T200_s020_r001_q010,put,0.1,0,1,dirk_policy_sinh,0.595715542,0.5952799590304494,True
put_T200_s020_r001_q010,put,0.1,1,0,published_dirk_p,0.567350166,0.5669223328586668,True
put_T200_s020_r001_q010,put,0.1,1,1,dirk_policy_sinh,0.592017958,0.5915963330771774,True
put_T200_s020_r001_q010,put,0.1,2,0,published_dirk_p,0.581006125,0.5804988332092762,True
put_T200_s020_r001_q010,put,0.1,2,1,dirk_policy_sinh,0.619105625,0.6185938329435885,True
put_T200_s020_r001_q010,put,0.1,3,0,published_dirk_p,0.589995875,0.5894790829624981,True
put_T200_s020_r001_q010,put,0.1,3,1,dirk_policy_sinh,0.597375667,0.5969053341541439,True
put_T200_s020_r001_q010,put,0.1,4,0,published_dirk_p,0.579959,0.5794920828193426,True
put_T200_s020_r001_q010,put,0.1,4,1,dirk_policy_sinh,0.595665167,0.5952427498996258,True
put_T200_s020_r001_q010,put,0.1,5,0,dirk_policy_sinh,0.595221,0.5947702080011368,True
put_T200_s020_r001_q010,put,0.1,5,1,published_dirk_p,0.580643084,0.5801725410856307,True
put_T200_s020_r001_q010,put,0.1,6,0,published_dirk_p,0.590212958,0.5897215001750737,True
put_T200_s020_r001_q010,put,0.1,6,1,dirk_policy_sinh,0.606688417,0.6062022079713643,True
put_T200_s020_r001_q010,put,0.1,7,0,published_dirk_p,0.592485459,0.5919185830280185,True
put_T200_s020_r001_q010,put,0.1,7,1,dirk_policy_sinh,0.622755833,0.6222497918643057,True
put_T200_s020_r001_q010,put,0.1,8,0,dirk_policy_sinh,0.601153459,0.6007129580248147,True
put_T200_s020_r001_q010,put,0.1,8,1,published_dirk_p,0.57371425,0.5732587079983205,True
put_T200_s020_r001_q010,put,0.1,9,0,published_dirk_p,0.593508625,0.5928362088743597,True
put_T200_s020_r001_q010,put,0.1,9,1,dirk_policy_sinh,0.592531292,0.5920458750333637,True
put_T200_s020_r001_q010,put,0.1,10,0,published_dirk_p,0.579647625,0.5791777090635151,True
put_T200_s020_r001_q010,put,0.1,10,1,dirk_policy_sinh,0.594052291,0.5936266661155969,True
put_T200_s020_r001_q010,put,0.1,11,0,dirk_policy_sinh,0.600132917,0.5996456670109183,True
put_T200_s020_r001_q010,put,0.1,11,1,published_dirk_p,0.603373042,0.6028040829114616,True
put_T200_s020_r001_q010,put,0.1,12,0,dirk_policy_sinh,0.636622167,0.6361483337823302,True
put_T200_s020_r001_q010,put,0.1,12,1,published_dirk_p,0.648526,0.6464527079369873,True
put_T200_s020_r001_q010,put,0.1,13,0,published_dirk_p,0.615276959,0.6141784999053925,True
put_T200_s020_r001_q010,put,0.1,13,1,dirk_policy_sinh,0.618488583,0.6179925841279328,True
put_T200_s020_r001_q010,put,0.1,14,0,dirk_policy_sinh,0.609598667,0.6089842079672962,True
put_T200_s020_r001_q010,put,0.1,14,1,published_dirk_p,0.588802208,0.5882899169810116,True
put_T200_s020_r001_q010,put,0.1,15,0,dirk_policy_sinh,0.61490275,0.6144256249535829,True
put_T200_s020_r001_q010,put,0.1,15,1,published_dirk_p,0.617625,0.6171359159052372,True
put_T200_s020_r001_q010,put,0.1,16,0,published_dirk_p,0.589055083,0.5885757089126855,True
put_T200_s020_r001_q010,put,0.1,16,1,dirk_policy_sinh,0.597979459,0.5974730420857668,True
put_T200_s020_r001_q010,put,0.1,17,0,dirk_policy_sinh,0.602939667,0.602468749973923,True
put_T200_s020_r001_q010,put,0.1,17,1,published_dirk_p,0.574837083,0.5743761248886585,True
put_T200_s020_r001_q010,put,0.1,18,0,dirk_policy_sinh,0.61216675,0.611678791930899,True
put_T200_s020_r001_q010,put,0.1,18,1,published_dirk_p,0.572850833,0.5723594578448683,True
put_T200_s020_r001_q010,put,0.1,19,0,dirk_policy_sinh,0.599746708,0.5992834591306746,True
put_T200_s020_r001_q010,put,0.1,19,1,published_dirk_p,0.577604416,0.5771476661320776,True
put_T200_s020_r001_q010,put,0.1,20,0,dirk_policy_sinh,0.605054,0.6045874999836087,True
put_T200_s020_r001_q010,put,0.1,20,1,published_dirk_p,0.572945875,0.5724829160608351,True
put_T200_s020_r001_q010,put,0.1,21,0,dirk_policy_sinh,0.600518458,0.6000507918652147,True
put_T200_s020_r001_q010,put,0.1,21,1,published_dirk_p,0.568994583,0.5685425831470639,True
put_T200_s020_r001_q010,put,0.1,22,0,published_dirk_p,0.571852459,0.5713757078628987,True
put_T200_s020_r001_q010,put,0.1,22,1,dirk_policy_sinh,0.610640791,0.610176500165835,True
put_T200_s020_r001_q010,put,0.1,23,0,dirk_policy_sinh,0.596747,0.5963042920920998,True
put_T200_s020_r001_q010,put,0.1,23,1,published_dirk_p,0.640835333,0.6403236670885235,True
put_T200_s020_r001_q010,put,0.1,24,0,dirk_policy_sinh,0.612537875,0.6120875000488013,True
put_T200_s020_r001_q010,put,0.1,24,1,published_dirk_p,0.569048459,0.5685695828869939,True
put_T200_s020_r001_q010,put,0.1,25,0,published_dirk_p,0.626661625,0.6261877918150276,True
put_T200_s020_r001_q010,put,0.1,25,1,dirk_policy_sinh,0.617081792,0.6166567499749362,True
put_T200_s020_r001_q010,put,0.1,26,0,dirk_policy_sinh,0.592697459,0.5922679579816759,True
put_T200_s020_r001_q010,put,0.1,26,1,published_dirk_p,0.570209958,0.5697676250711083,True
put_T200_s020_r001_q010,put,0.1,27,0,dirk_policy_sinh,0.600782333,0.6003475419711322,True
put_T200_s020_r001_q010,put,0.1,27,1,published_dirk_p,0.567203291,0.5667726250831038,True
put_T200_s020_r001_q010,put,0.1,28,0,dirk_policy_sinh,0.598253833,0.5978180421516299,True
put_T200_s020_r001_q010,put,0.1,28,1,published_dirk_p,0.567343125,0.5668259998783469,True
put_T200_s020_r001_q010,put,0.1,29,0,dirk_policy_sinh,0.636262125,0.6357746669091284,True
put_T200_s020_r001_q010,put,0.1,29,1,published_dirk_p,0.59927875,0.5987510001286864,True
call_T200_s020_r010_q010,call,0.1,0,0,dirk_policy_sinh,0.737043583,0.7369802910834551,True
call_T200_s020_r010_q010,call,0.1,0,1,published_dirk_p,0.690126625,0.6895711249671876,True
call_T200_s020_r010_q010,call,0.1,1,0,published_dirk_p,0.673382291,0.6727209580130875,True
call_T200_s020_r010_q010,call,0.1,1,1,dirk_policy_sinh,0.64287625,0.6423657909035683,True
call_T200_s020_r010_q010,call,0.1,2,0,dirk_policy_sinh,0.64068425,0.6401755420956761,True
call_T200_s020_r010_q010,call,0.1,2,1,published_dirk_p,0.75836475,0.7577938749454916,True
call_T200_s020_r010_q010,call,0.1,3,0,dirk_policy_sinh,0.685294,0.6848070418927819,True
call_T200_s020_r010_q010,call,0.1,3,1,published_dirk_p,0.630001125,0.6294956249184906,True
call_T200_s020_r010_q010,call,0.1,4,0,published_dirk_p,0.612544583,0.6120509582106024,True
call_T200_s020_r010_q010,call,0.1,4,1,dirk_policy_sinh,0.624814208,0.6242735830601305,True
call_T200_s020_r010_q010,call,0.1,5,0,published_dirk_p,0.606611292,0.6061293750535697,True
call_T200_s020_r010_q010,call,0.1,5,1,dirk_policy_sinh,0.623674916,0.6232093749567866,True
call_T200_s020_r010_q010,call,0.1,6,0,dirk_policy_sinh,0.609261959,0.6087907089386135,True
call_T200_s020_r010_q010,call,0.1,6,1,published_dirk_p,0.607730125,0.6072425420861691,True
call_T200_s020_r010_q010,call,0.1,7,0,dirk_policy_sinh,0.613241292,0.6127423329744488,True
call_T200_s020_r010_q010,call,0.1,7,1,published_dirk_p,0.613822,0.6133529578801244,True
call_T200_s020_r010_q010,call,0.1,8,0,published_dirk_p,0.597036584,0.5966027500107884,True
call_T200_s020_r010_q010,call,0.1,8,1,dirk_policy_sinh,0.6158745,0.6153115420602262,True
call_T200_s020_r010_q010,call,0.1,9,0,published_dirk_p,0.623629167,0.6230542080011219,True
call_T200_s020_r010_q010,call,0.1,9,1,dirk_policy_sinh,0.686242208,0.6856217079330236,True
call_T200_s020_r010_q010,call,0.1,10,0,published_dirk_p,0.615598792,0.6150930419098586,True
call_T200_s020_r010_q010,call,0.1,10,1,dirk_policy_sinh,0.609679959,0.6092204998712987,True
call_T200_s020_r010_q010,call,0.1,11,0,published_dirk_p,0.617283125,0.6168137090280652,True
call_T200_s020_r010_q010,call,0.1,11,1,dirk_policy_sinh,0.600654792,0.6001972500234842,True
call_T200_s020_r010_q010,call,0.1,12,0,dirk_policy_sinh,0.613937125,0.6134905421640724,True
call_T200_s020_r010_q010,call,0.1,12,1,published_dirk_p,0.596539417,0.5960857919417322,True
call_T200_s020_r010_q010,call,0.1,13,0,published_dirk_p,0.610065625,0.6095647921320051,True
call_T200_s020_r010_q010,call,0.1,13,1,dirk_policy_sinh,0.641228625,0.6398402079939842,True
call_T200_s020_r010_q010,call,0.1,14,0,published_dirk_p,0.932294166,0.9309996671508998,True
call_T200_s020_r010_q010,call,0.1,14,1,dirk_policy_sinh,0.972635875,0.9699234159197658,True
call_T200_s020_r010_q010,call,0.1,15,0,dirk_policy_sinh,0.803142,0.8014590409584343,True
call_T200_s020_r010_q010,call,0.1,15,1,published_dirk_p,0.695133125,0.6945050419308245,True
call_T200_s020_r010_q010,call,0.1,16,0,published_dirk_p,0.648513209,0.6479675839655101,True
call_T200_s020_r010_q010,call,0.1,16,1,dirk_policy_sinh,0.626015917,0.6255047910381109,True
call_T200_s020_r010_q010,call,0.1,17,0,dirk_policy_sinh,0.615306417,0.6148180419113487,True
call_T200_s020_r010_q010,call,0.1,17,1,published_dirk_p,0.597673792,0.5971771248150617,True
call_T200_s020_r010_q010,call,0.1,18,0,published_dirk_p,0.598757458,0.598265458131209,True
call_T200_s020_r010_q010,call,0.1,18,1,dirk_policy_sinh,0.600898167,0.6003991668112576,True
call_T200_s020_r010_q010,call,0.1,19,0,dirk_policy_sinh,0.613231083,0.612698792014271,True
call_T200_s020_r010_q010,call,0.1,19,1,published_dirk_p,0.638616542,0.6380849580746144,True
call_T200_s020_r010_q010,call,0.1,20,0,published_dirk_p,0.610891792,0.61037716595456,True
call_T200_s020_r010_q010,call,0.1,20,1,dirk_policy_sinh,0.613963959,0.6134579579811543,True
call_T200_s020_r010_q010,call,0.1,21,0,dirk_policy_sinh,0.6231795,0.6226906669326127,True
call_T200_s020_r010_q010,call,0.1,21,1,published_dirk_p,0.621263459,0.6207552498672158,True
call_T200_s020_r010_q010,call,0.1,22,0,dirk_policy_sinh,0.625700875,0.6251935001928359,True
call_T200_s020_r010_q010,call,0.1,22,1,published_dirk_p,0.624432292,0.6239326249342412,True
call_T200_s020_r010_q010,call,0.1,23,0,dirk_policy_sinh,0.624938458,0.6244133750442415,True
call_T200_s020_r010_q010,call,0.1,23,1,published_dirk_p,0.6216095,0.6210148329846561,True
call_T200_s020_r010_q010,call,0.1,24,0,published_dirk_p,0.628178666,0.6276695418637246,True
call_T200_s020_r010_q010,call,0.1,24,1,dirk_policy_sinh,0.624420917,0.6239058338105679,True
call_T200_s020_r010_q010,call,0.1,25,0,dirk_policy_sinh,0.645001625,0.6445177500136197,True
call_T200_s020_r010_q010,call,0.1,25,1,published_dirk_p,0.620959042,0.6204482498578727,True
call_T200_s020_r010_q010,call,0.1,26,0,published_dirk_p,0.659587166,0.659048083005473,True
call_T200_s020_r010_q010,call,0.1,26,1,dirk_policy_sinh,0.635584791,0.6350390410516411,True
call_T200_s020_r010_q010,call,0.1,27,0,published_dirk_p,0.649033791,0.648510874947533,True
call_T200_s020_r010_q010,call,0.1,27,1,dirk_policy_sinh,0.657583542,0.6570083748083562,True
call_T200_s020_r010_q010,call,0.1,28,0,dirk_policy_sinh,0.644233333,0.6437247500289232,True
call_T200_s020_r010_q010,call,0.1,28,1,published_dirk_p,0.621607792,0.6210907080676407,True
call_T200_s020_r010_q010,call,0.1,29,0,dirk_policy_sinh,0.631987917,0.631464083911851,True
call_T200_s020_r010_q010,call,0.1,29,1,published_dirk_p,0.637212833,0.6366897919215262,True
put_T050_s060_r005_q003,put,0.03,0,0,published_dirk_p,0.874387584,0.8742893340531737,True
put_T050_s060_r005_q003,put,0.03,0,1,dirk_policy_sinh,0.800213375,0.7995559999253601,True
put_T050_s060_r005_q003,put,0.03,1,0,published_dirk_p,0.745452875,0.744901416124776,True
put_T050_s060_r005_q003,put,0.03,1,1,dirk_policy_sinh,0.66225275,0.6617945421021432,True
put_T050_s060_r005_q003,put,0.03,2,0,published_dirk_p,0.630340667,0.6298857908695936,True
put_T050_s060_r005_q003,put,0.03,2,1,dirk_policy_sinh,0.6024975,0.6020737080834806,True
put_T050_s060_r005_q003,put,0.03,3,0,dirk_policy_sinh,0.60786575,0.6073849580716342,True
put_T050_s060_r005_q003,put,0.03,3,1,published_dirk_p,0.607091209,0.6066415829118341,True
put_T050_s060_r005_q003,put,0.03,4,0,published_dirk_p,0.611478334,0.6109813749790192,True
put_T050_s060_r005_q003,put,0.03,4,1,dirk_policy_sinh,0.610888584,0.6103930829558522,True
put_T050_s060_r005_q003,put,0.03,5,0,dirk_policy_sinh,0.811131,0.8105870420113206,True
put_T050_s060_r005_q003,put,0.03,5,1,published_dirk_p,0.820415833,0.8199064168147743,True
put_T050_s060_r005_q003,put,0.03,6,0,dirk_policy_sinh,0.801738708,0.8012208340223879,True
put_T050_s060_r005_q003,put,0.03,6,1,published_dirk_p,0.889622708,0.8890024160500616,True
put_T050_s060_r005_q003,put,0.03,7,0,dirk_policy_sinh,0.888370708,0.8877836670726538,True
put_T050_s060_r005_q003,put,0.03,7,1,published_dirk_p,0.846947667,0.8455917909741402,True
put_T050_s060_r005_q003,put,0.03,8,0,dirk_policy_sinh,0.746329541,0.7456105418968946,True
put_T050_s060_r005_q003,put,0.03,8,1,published_dirk_p,0.735917791,0.7354124998673797,True
put_T050_s060_r005_q003,put,0.03,9,0,dirk_policy_sinh,0.712508417,0.7120054580736905,True
put_T050_s060_r005_q003,put,0.03,9,1,published_dirk_p,0.659785542,0.659312458941713,True
put_T050_s060_r005_q003,put,0.03,10,0,published_dirk_p,0.632295791,0.6317990829702467,True
put_T050_s060_r005_q003,put,0.03,10,1,dirk_policy_sinh,0.638854125,0.6383891250006855,True
put_T050_s060_r005_q003,put,0.03,11,0,dirk_policy_sinh,0.619678375,0.6192372920922935,True
put_T050_s060_r005_q003,put,0.03,11,1,published_dirk_p,0.612182417,0.6117502499837428,True
put_T050_s060_r005_q003,put,0.03,12,0,dirk_policy_sinh,0.610398917,0.6099105000030249,True
put_T050_s060_r005_q003,put,0.03,12,1,published_dirk_p,0.653946792,0.6534645000938326,True
put_T050_s060_r005_q003,put,0.03,13,0,published_dirk_p,0.630865625,0.6303837080486119,True
put_T050_s060_r005_q003,put,0.03,13,1,dirk_policy_sinh,0.626042791,0.6255595828406513,True
put_T050_s060_r005_q003,put,0.03,14,0,dirk_policy_sinh,0.708024625,0.7075412920676172,True
put_T050_s060_r005_q003,put,0.03,14,1,published_dirk_p,0.704301333,0.7037633329164237,True
put_T050_s060_r005_q003,put,0.03,15,0,published_dirk_p,0.766201625,0.7650254589971155,True
put_T050_s060_r005_q003,put,0.03,15,1,dirk_policy_sinh,0.683333166,0.6828644999768585,True
put_T050_s060_r005_q003,put,0.03,16,0,dirk_policy_sinh,0.649212875,0.6487130420282483,True
put_T050_s060_r005_q003,put,0.03,16,1,published_dirk_p,0.845521958,0.8449644159991294,True
put_T050_s060_r005_q003,put,0.03,17,0,dirk_policy_sinh,0.843291667,0.8427667079959065,True
put_T050_s060_r005_q003,put,0.03,17,1,published_dirk_p,0.896089125,0.8955149578396231,True
put_T050_s060_r005_q003,put,0.03,18,0,dirk_policy_sinh,0.859384833,0.8562402089592069,True
put_T050_s060_r005_q003,put,0.03,18,1,published_dirk_p,0.78988875,0.7892751249019057,True
put_T050_s060_r005_q003,put,0.03,19,0,dirk_policy_sinh,0.666590208,0.6660949159413576,True
put_T050_s060_r005_q003,put,0.03,19,1,published_dirk_p,0.688074584,0.6875644160900265,True
put_T050_s060_r005_q003,put,0.03,20,0,published_dirk_p,0.720528125,0.7199965408071876,True
put_T050_s060_r005_q003,put,0.03,20,1,dirk_policy_sinh,0.764382167,0.7638297909870744,True
put_T050_s060_r005_q003,put,0.03,21,0,dirk_policy_sinh,0.736056042,0.7355659999884665,True
put_T050_s060_r005_q003,put,0.03,21,1,published_dirk_p,0.767067709,0.7665226249955595,True
put_T050_s060_r005_q003,put,0.03,22,0,published_dirk_p,0.7814305,0.7809056248515844,True
put_T050_s060_r005_q003,put,0.03,22,1,dirk_policy_sinh,0.768116792,0.7675950420089066,True
put_T050_s060_r005_q003,put,0.03,23,0,published_dirk_p,0.823184417,0.8226449999492615,True
put_T050_s060_r005_q003,put,0.03,23,1,dirk_policy_sinh,0.70379,0.7032540000509471,True
put_T050_s060_r005_q003,put,0.03,24,0,published_dirk_p,1.547901958,1.546917124884203,True
put_T050_s060_r005_q003,put,0.03,24,1,dirk_policy_sinh,1.031468125,1.0305008748546243,True
put_T050_s060_r005_q003,put,0.03,25,0,published_dirk_p,0.817911292,0.8173067918978631,True
put_T050_s060_r005_q003,put,0.03,25,1,dirk_policy_sinh,0.761047,0.7604867501650006,True
put_T050_s060_r005_q003,put,0.03,26,0,published_dirk_p,0.7600995,0.7595184580422938,True
put_T050_s060_r005_q003,put,0.03,26,1,dirk_policy_sinh,0.895103833,0.894347416004166,True
put_T050_s060_r005_q003,put,0.03,27,0,dirk_policy_sinh,0.815434292,0.8148669160436839,True
put_T050_s060_r005_q003,put,0.03,27,1,published_dirk_p,0.732355958,0.7317894590087235,True
put_T050_s060_r005_q003,put,0.03,28,0,published_dirk_p,0.895235875,0.8944122500251979,True
put_T050_s060_r005_q003,put,0.03,28,1,dirk_policy_sinh,0.792502417,0.7919165000785142,True
put_T050_s060_r005_q003,put,0.03,29,0,dirk_policy_sinh,0.761298125,0.7607815419323742,True
put_T050_s060_r005_q003,put,0.03,29,1,published_dirk_p,0.672858916,0.6722908329684287,True
call_T050_s060_r005_q010,call,0.1,0,0,published_dirk_p,0.846333583,0.8462416247930378,True
call_T050_s060_r005_q010,call,0.1,0,1,dirk_policy_sinh,0.710567708,0.7100510839372873,True
call_T050_s060_r005_q010,call,0.1,1,0,dirk_policy_sinh,0.702051458,0.7014376670122147,True
call_T050_s060_r005_q010,call,0.1,1,1,published_dirk_p,0.759391292,0.7588614590931684,True
call_T050_s060_r005_q010,call,0.1,2,0,dirk_policy_sinh,0.69557,0.6950515829958022,True
call_T050_s060_r005_q010,call,0.1,2,1,published_dirk_p,0.718473291,0.7179178330115974,True
call_T050_s060_r005_q010,call,0.1,3,0,published_dirk_p,0.708133958,0.7075943339150399,True
call_T050_s060_r005_q010,call,0.1,3,1,dirk_policy_sinh,0.639661458,0.6391226670239121,True
call_T050_s060_r005_q010,call,0.1,4,0,published_dirk_p,0.668623666,0.6680967919528484,True
call_T050_s060_r005_q010,call,0.1,4,1,dirk_policy_sinh,0.634771958,0.6342656658962369,True
call_T050_s060_r005_q010,call,0.1,5,0,dirk_policy_sinh,0.663133125,0.662625040858984,True
call_T050_s060_r005_q010,call,0.1,5,1,published_dirk_p,0.716599875,0.7159992079250515,True
call_T050_s060_r005_q010,call,0.1,6,0,dirk_policy_sinh,0.717990625,0.7174061660189182,True
call_T050_s060_r005_q010,call,0.1,6,1,published_dirk_p,0.733509583,0.7328361249528825,True
call_T050_s060_r005_q010,call,0.1,7,0,dirk_policy_sinh,0.679801208,0.6792229579295963,True
call_T050_s060_r005_q010,call,0.1,7,1,published_dirk_p,0.716691417,0.7161677910480648,True
call_T050_s060_r005_q010,call,0.1,8,0,published_dirk_p,0.713482125,0.7129466249607503,True
call_T050_s060_r005_q010,call,0.1,8,1,dirk_policy_sinh,0.66457625,0.6640747499186546,True
call_T050_s060_r005_q010,call,0.1,9,0,published_dirk_p,0.67727075,0.6767629999667406,True
call_T050_s060_r005_q010,call,0.1,9,1,dirk_policy_sinh,0.6726405,0.6721360420342535,True
call_T050_s060_r005_q010,call,0.1,10,0,dirk_policy_sinh,0.657548083,0.6570863749366254,True
call_T050_s060_r005_q010,call,0.1,10,1,published_dirk_p,0.670168292,0.6696898329537362,True
call_T050_s060_r005_q010,call,0.1,11,0,dirk_policy_sinh,0.659035167,0.6585345000494272,True
call_T050_s060_r005_q010,call,0.1,11,1,published_dirk_p,0.678871959,0.6783551250118762,True
call_T050_s060_r005_q010,call,0.1,12,0,published_dirk_p,0.700783167,0.7002775829751045,True
call_T050_s060_r005_q010,call,0.1,12,1,dirk_policy_sinh,0.701692,0.701145582832396,True
call_T050_s060_r005_q010,call,0.1,13,0,published_dirk_p,0.720522125,0.7199895412195474,True
call_T050_s060_r005_q010,call,0.1,13,1,dirk_policy_sinh,0.670342208,0.669765833998099,True
call_T050_s060_r005_q010,call,0.1,14,0,dirk_policy_sinh,0.673387125,0.672916040988639,True
call_T050_s060_r005_q010,call,0.1,14,1,published_dirk_p,0.686079583,0.6855828338302672,True
call_T050_s060_r005_q010,call,0.1,15,0,published_dirk_p,0.672090833,0.6716012500692159,True
call_T050_s060_r005_q010,call,0.1,15,1,dirk_policy_sinh,0.632112166,0.6315993750467896,True
call_T050_s060_r005_q010,call,0.1,16,0,dirk_policy_sinh,0.626609834,0.6261252500116825,True
call_T050_s060_r005_q010,call,0.1,16,1,published_dirk_p,0.670226042,0.6696643340401351,True
call_T050_s060_r005_q010,call,0.1,17,0,published_dirk_p,0.675032333,0.6745089169126004,True
call_T050_s060_r005_q010,call,0.1,17,1,dirk_policy_sinh,0.656490292,0.6559778328519315,True
call_T050_s060_r005_q010,call,0.1,18,0,published_dirk_p,0.669381041,0.6688887921627611,True
call_T050_s060_r005_q010,call,0.1,18,1,dirk_policy_sinh,0.628709833,0.6282511251047254,True
call_T050_s060_r005_q010,call,0.1,19,0,dirk_policy_sinh,0.646546375,0.6460622500162572,True
call_T050_s060_r005_q010,call,0.1,19,1,published_dirk_p,0.665570625,0.6650712499395013,True
call_T050_s060_r005_q010,call,0.1,20,0,dirk_policy_sinh,0.753660417,0.7529403332155198,True
call_T050_s060_r005_q010,call,0.1,20,1,published_dirk_p,0.784249917,0.783240457996726,True
call_T050_s060_r005_q010,call,0.1,21,0,published_dirk_p,0.776897042,0.7763559159357101,True
call_T050_s060_r005_q010,call,0.1,21,1,dirk_policy_sinh,0.705272708,0.7047498340252787,True
call_T050_s060_r005_q010,call,0.1,22,0,published_dirk_p,0.697546833,0.6970660409424454,True
call_T050_s060_r005_q010,call,0.1,22,1,dirk_policy_sinh,0.634079125,0.6336328750476241,True
call_T050_s060_r005_q010,call,0.1,23,0,dirk_policy_sinh,0.627759958,0.6272559580393136,True
call_T050_s060_r005_q010,call,0.1,23,1,published_dirk_p,0.776109209,0.7755459169857204,True
call_T050_s060_r005_q010,call,0.1,24,0,dirk_policy_sinh,0.695114959,0.6945370000321418,True
call_T050_s060_r005_q010,call,0.1,24,1,published_dirk_p,0.727790583,0.727243292145431,True
call_T050_s060_r005_q010,call,0.1,25,0,published_dirk_p,0.711996333,0.7114679999649525,True
call_T050_s060_r005_q010,call,0.1,25,1,dirk_policy_sinh,0.7150245,0.7145014579873532,True
call_T050_s060_r005_q010,call,0.1,26,0,dirk_policy_sinh,0.666566583,0.666062249802053,True
call_T050_s060_r005_q010,call,0.1,26,1,published_dirk_p,0.672262916,0.6717585830483586,True
call_T050_s060_r005_q010,call,0.1,27,0,published_dirk_p,0.66182175,0.6613040829543024,True
call_T050_s060_r005_q010,call,0.1,27,1,dirk_policy_sinh,0.642599834,0.6420824998058379,True
call_T050_s060_r005_q010,call,0.1,28,0,dirk_policy_sinh,0.683787792,0.6832535420544446,True
call_T050_s060_r005_q010,call,0.1,28,1,published_dirk_p,1.142669458,1.1362490421161056,True
call_T050_s060_r005_q010,call,0.1,29,0,dirk_policy_sinh,1.166759292,1.1655187080614269,True
call_T050_s060_r005_q010,call,0.1,29,1,published_dirk_p,0.820115292,0.8195594160351902,True
call_T100_s060_r001_q006,call,0.06,0,0,dirk_policy_sinh,0.683519583,0.6834609159268439,True
call_T100_s060_r001_q006,call,0.06,0,1,published_dirk_p,0.707253875,0.7066947079729289,True
call_T100_s060_r001_q006,call,0.06,1,0,published_dirk_p,0.7072885,0.7067224578931928,True
call_T100_s060_r001_q006,call,0.06,1,1,dirk_policy_sinh,0.70184925,0.7012622919864953,True
call_T100_s060_r001_q006,call,0.06,2,0,published_dirk_p,1.455634542,1.452891165856272,True
call_T100_s060_r001_q006,call,0.06,2,1,dirk_policy_sinh,1.143458125,1.1416788748465478,True
call_T100_s060_r001_q006,call,0.06,3,0,published_dirk_p,1.172675333,1.1719598330091685,True
call_T100_s060_r001_q006,call,0.06,3,1,dirk_policy_sinh,0.864525708,0.8640001250896603,True
call_T100_s060_r001_q006,call,0.06,4,0,published_dirk_p,0.731569916,0.731075249845162,True
call_T100_s060_r001_q006,call,0.06,4,1,dirk_policy_sinh,0.635883833,0.6353926248848438,True
call_T100_s060_r001_q006,call,0.06,5,0,dirk_policy_sinh,0.672112292,0.6716562500223517,True
call_T100_s060_r001_q006,call,0.06,5,1,published_dirk_p,0.679808791,0.6793344579637051,True
call_T100_s060_r001_q006,call,0.06,6,0,dirk_policy_sinh,0.61641,0.6159496249165386,True
call_T100_s060_r001_q006,call,0.06,6,1,published_dirk_p,0.661491042,0.6610443750396371,True
call_T100_s060_r001_q006,call,0.06,7,0,published_dirk_p,0.668861875,0.6683967909775674,True
call_T100_s060_r001_q006,call,0.06,7,1,dirk_policy_sinh,0.610989458,0.6104957500938326,True
call_T100_s060_r001_q006,call,0.06,8,0,dirk_policy_sinh,0.605616042,0.6051561250351369,True
call_T100_s060_r001_q006,call,0.06,8,1,published_dirk_p,0.664229625,0.6637435420416296,True
call_T100_s060_r001_q006,call,0.06,9,0,published_dirk_p,0.67578525,0.6753531249705702,True
call_T100_s060_r001_q006,call,0.06,9,1,dirk_policy_sinh,0.601581791,0.6011342918500304,True
call_T100_s060_r001_q006,call,0.06,10,0,dirk_policy_sinh,0.611099583,0.610649875132367,True
call_T100_s060_r001_q006,call,0.06,10,1,published_dirk_p,0.673408708,0.6729494158644229,True
call_T100_s060_r001_q006,call,0.06,11,0,published_dirk_p,0.681836167,0.6813627080991864,True
call_T100_s060_r001_q006,call,0.06,11,1,dirk_policy_sinh,0.626961792,0.6265065830666572,True
call_T100_s060_r001_q006,call,0.06,12,0,published_dirk_p,0.692626917,0.6921697079669684,True
call_T100_s060_r001_q006,call,0.06,12,1,dirk_policy_sinh,0.633862625,0.6333962089847773,True
call_T100_s060_r001_q006,call,0.06,13,0,dirk_policy_sinh,0.636622583,0.6361794997937977,True
call_T100_s060_r001_q006,call,0.06,13,1,published_dirk_p,0.706617042,0.7060805410146713,True
call_T100_s060_r001_q006,call,0.06,14,0,dirk_policy_sinh,0.652281042,0.6518108330201358,True
call_T100_s060_r001_q006,call,0.06,14,1,published_dirk_p,0.689415,0.688945041038096,True
call_T100_s060_r001_q006,call,0.06,15,0,dirk_policy_sinh,0.635674666,0.6352160000242293,True
call_T100_s060_r001_q006,call,0.06,15,1,published_dirk_p,0.688064833,0.6875927499495447,True
call_T100_s060_r001_q006,call,0.06,16,0,published_dirk_p,0.69214425,0.6916828749235719,True
call_T100_s060_r001_q006,call,0.06,16,1,dirk_policy_sinh,0.631355458,0.6309155409689993,True
call_T100_s060_r001_q006,call,0.06,17,0,published_dirk_p,0.718261125,0.717761917039752,True
call_T100_s060_r001_q006,call,0.06,17,1,dirk_policy_sinh,0.641936542,0.6414752500131726,True
call_T100_s060_r001_q006,call,0.06,18,0,published_dirk_p,0.686514959,0.6858468330465257,True
call_T100_s060_r001_q006,call,0.06,18,1,dirk_policy_sinh,0.63670775,0.6361878328025341,True
call_T100_s060_r001_q006,call,0.06,19,0,published_dirk_p,0.685405334,0.6849306670483202,True
call_T100_s060_r001_q006,call,0.06,19,1,dirk_policy_sinh,0.629587708,0.6291332920081913,True
call_T100_s060_r001_q006,call,0.06,20,0,published_dirk_p,0.688307458,0.6878670000005513,True
call_T100_s060_r001_q006,call,0.06,20,1,dirk_policy_sinh,0.635082625,0.6346093330066651,True
call_T100_s060_r001_q006,call,0.06,21,0,dirk_policy_sinh,0.626879167,0.6264314579311758,True
call_T100_s060_r001_q006,call,0.06,21,1,published_dirk_p,0.705240042,0.704710999969393,True
call_T100_s060_r001_q006,call,0.06,22,0,dirk_policy_sinh,0.68200775,0.6814158749766648,True
call_T100_s060_r001_q006,call,0.06,22,1,published_dirk_p,0.742977,0.7422674589324743,True
call_T100_s060_r001_q006,call,0.06,23,0,published_dirk_p,1.052401583,1.0483892909251153,True
call_T100_s060_r001_q006,call,0.06,23,1,dirk_policy_sinh,0.763315666,0.7621969999745488,True
call_T100_s060_r001_q006,call,0.06,24,0,dirk_policy_sinh,0.687279167,0.6867278751451522,True
call_T100_s060_r001_q006,call,0.06,24,1,published_dirk_p,0.740683375,0.7401347919367254,True
call_T100_s060_r001_q006,call,0.06,25,0,dirk_policy_sinh,0.699179792,0.6986700419802219,True
call_T100_s060_r001_q006,call,0.06,25,1,published_dirk_p,0.785045292,0.7845285409130156,True
call_T100_s060_r001_q006,call,0.06,26,0,published_dirk_p,0.748288583,0.7477587917819619,True
call_T100_s060_r001_q006,call,0.06,26,1,dirk_policy_sinh,0.662431667,0.6618547500111163,True
call_T100_s060_r001_q006,call,0.06,27,0,dirk_policy_sinh,0.658605958,0.6580738748889416,True
call_T100_s060_r001_q006,call,0.06,27,1,published_dirk_p,0.709753375,0.7092456251848489,True
call_T100_s060_r001_q006,call,0.06,28,0,dirk_policy_sinh,0.643949084,0.6434614169411361,True
call_T100_s060_r001_q006,call,0.06,28,1,published_dirk_p,0.741186542,0.7406907500699162,True
call_T100_s060_r001_q006,call,0.06,29,0,published_dirk_p,0.709016459,0.7085128750186414,True
call_T100_s060_r001_q006,call,0.06,29,1,dirk_policy_sinh,0.635827459,0.6353382091037929,True
